<?xml version = '1.0' encoding = 'UTF-8'?>
<ExtendedMap class="oracle.dbtools.crest.model.xtdmapping.ExtendedMap">
<mappings itemClass="oracle.dbtools.crest.model.xtdmapping.XtdMapping">
<Mapping id="4F36CAB4-021527D8CD4AB97DC4CF-E4DB5078F2FE" delID="B97DC4CF-0348-B771-C2BE-E4DB5078F2FE" oDP="C3D2CE85-652C-1895-253B-1A0B8ECB12CF" oID="4F36CAB4-3F5E-5369-7803-021527D8CD4A" oType="0" tDP="8EED4F6A-4249-513B-26FF-1D134DF4C44A" tID="B97DC4CF-0348-B771-C2BE-E4DB5078F2FE" tType="4">
</Mapping>
<Mapping id="6EEAD709-F16B420957FC8355DD96-94BF69C469A3" delID="8355DD96-4120-016B-D534-94BF69C469A3" oDP="C3D2CE85-652C-1895-253B-1A0B8ECB12CF" oID="6EEAD709-FA4D-E6B9-3A40-F16B420957FC" oType="3" rSEnt="8AF26BA2-5D98-AF03-A068-A0B023DCCD62" rTEnt="4F36CAB4-3F5E-5369-7803-021527D8CD4A" tDP="8EED4F6A-4249-513B-26FF-1D134DF4C44A" tID="8355DD96-4120-016B-D534-94BF69C469A3" tType="8">
</Mapping>
<Mapping id="79F40A36-192A756F651CFA8CC465-AAF61333B10E" delID="FA8CC465-A4AC-131E-03AB-AAF61333B10E" oDP="C3D2CE85-652C-1895-253B-1A0B8ECB12CF" oID="79F40A36-DEB1-88CF-7FC8-192A756F651C" oType="3" rSEnt="C1D31A27-DFEA-41AC-23C8-A314141FADE5" rTEnt="4F36CAB4-3F5E-5369-7803-021527D8CD4A" tDP="8EED4F6A-4249-513B-26FF-1D134DF4C44A" tID="FA8CC465-A4AC-131E-03AB-AAF61333B10E" tType="8">
</Mapping>
</mappings>
</ExtendedMap>
