<?xml version = '1.0' encoding = 'UTF-8'?>
<Table class="oracle.dbtools.crest.model.design.relational.Table" directorySegmentName="seg_0" id="28151ABD-EA3F-F37C-6F44-7DCA14CC0638" name="CONTRACT">
<createdBy>harshath</createdBy>
<createdTime>2023-05-03 03:11:32 UTC</createdTime>
<generatorID>F6572BF1-C064-DD71-DEA3-28D08F2997C1</generatorID>
<ownerDesignName>cui_logicalmodel</ownerDesignName>
<allowColumnReorder>false</allowColumnReorder>
<existDependencyGenerateInDDl>true</existDependencyGenerateInDDl>
<parsed>true</parsed>
<columns itemClass="oracle.dbtools.crest.model.design.relational.Column">
<Column name="contract_no" id="EF5DA123-4C19-AD49-14C3-64A65199685D">
<createdBy>harshath</createdBy>
<createdTime>2023-05-03 03:11:32 UTC</createdTime>
<commentInRDBMS><![CDATA[Contract Number]]></commentInRDBMS>
<generatorID>5E980062-6D61-7FDD-46F9-18D290EC94D9</generatorID>
<ownerDesignName>cui_logicalmodel</ownerDesignName>
<useDomainConstraints>false</useDomainConstraints>
<use>1</use>
<logicalDatatype>LOGDT019</logicalDatatype>
<dataTypePrecision>10</dataTypePrecision>
<ownDataTypeParameters>,10,</ownDataTypeParameters>
<autoIncrementCycle>false</autoIncrementCycle>
</Column>
<Column name="contract_start_date" id="A5B71F02-2D1D-72A3-4794-6D9CAD59B05A">
<createdBy>harshath</createdBy>
<createdTime>2023-05-03 03:11:32 UTC</createdTime>
<commentInRDBMS><![CDATA[Date that the contract started]]></commentInRDBMS>
<generatorID>B8A9FB0A-8843-6680-CF3A-619BDB3B2456</generatorID>
<ownerDesignName>cui_logicalmodel</ownerDesignName>
<useDomainConstraints>false</useDomainConstraints>
<use>1</use>
<logicalDatatype>LOGDT007</logicalDatatype>
<ownDataTypeParameters>,,</ownDataTypeParameters>
<autoIncrementCycle>false</autoIncrementCycle>
</Column>
<Column name="contract_end_date" id="31188CBA-0C68-2554-D6C3-2C7654C130F0">
<createdBy>harshath</createdBy>
<createdTime>2023-05-03 03:11:32 UTC</createdTime>
<commentInRDBMS><![CDATA[Date that the contract will (or has) ended]]></commentInRDBMS>
<generatorID>B62B1B4C-4315-C9EF-5C8B-9D6D13656FA2</generatorID>
<ownerDesignName>cui_logicalmodel</ownerDesignName>
<useDomainConstraints>false</useDomainConstraints>
<use>1</use>
<logicalDatatype>LOGDT007</logicalDatatype>
<ownDataTypeParameters>,,</ownDataTypeParameters>
<autoIncrementCycle>false</autoIncrementCycle>
</Column>
<Column name="auth_name" id="A427B5C1-6616-A13D-A579-45E82A2FA963">
<createdBy>harshath</createdBy>
<createdTime>2023-05-03 03:11:32 UTC</createdTime>
<commentInRDBMS><![CDATA[Authority Name]]></commentInRDBMS>
<generatorID>1D939156-1598-315A-9DD7-B7322A022CA8</generatorID>
<ownerDesignName>cui_logicalmodel</ownerDesignName>
<useDomainConstraints>false</useDomainConstraints>
<use>1</use>
<logicalDatatype>LOGDT024</logicalDatatype>
<dataTypeSize>50</dataTypeSize>
<ownDataTypeParameters>,,</ownDataTypeParameters>
<previousColumn>false</previousColumn>
<autoIncrementCycle>false</autoIncrementCycle>
<associations>
<colAssociation fkAssociation="1D1F816E-E72A-271B-2FEF-77F97E6CDE6A" referredColumn="DD7E0286-9485-E363-6B82-E9319C517C0A"/>
</associations>
</Column>
</columns>
<indexes itemClass="oracle.dbtools.crest.model.design.relational.Index">
<ind_PK_UK id="2BA3B1A4-E572-13DC-A58A-866D4EE1386F" name="CONTRACT_PK">
<createdBy>harshath</createdBy>
<createdTime>2023-05-03 03:11:32 UTC</createdTime>
<generatorID>9E540C1D-2028-ECFB-C039-592CA30A5DC0</generatorID>
<ownerDesignName>cui_logicalmodel</ownerDesignName>
<pk>true</pk>
<indexState>Primary Constraint</indexState>
<isSurrogateKey>false</isSurrogateKey>
<indexColumnUsage>
<colUsage columnID="EF5DA123-4C19-AD49-14C3-64A65199685D"/>
</indexColumnUsage>
</ind_PK_UK>
<ind_PK_UK id="BAB36555-745F-9BDB-22E6-E5126C6A98C5" name="authority_contract">
<createdBy>harshath</createdBy>
<createdTime>2023-05-03 03:11:32 UTC</createdTime>
<generatorID>8415F5CF-1469-13D1-8C15-421DC7337C69</generatorID>
<ownerDesignName>cui_logicalmodel</ownerDesignName>
<indexState>Foreign Key</indexState>
<isSurrogateKey>false</isSurrogateKey>
<indexColumnUsage>
<colUsage columnID="A427B5C1-6616-A13D-A579-45E82A2FA963"/>
</indexColumnUsage>
</ind_PK_UK>
</indexes>
</Table>
