<?xml version = '1.0' encoding = 'UTF-8'?>
<Table class="oracle.dbtools.crest.model.design.relational.Table" directorySegmentName="seg_0" id="C09512C6-64C2-6147-20DF-264ED8244E9A" name="DRIVER">
<createdBy>harshath</createdBy>
<createdTime>2023-05-03 03:11:32 UTC</createdTime>
<generatorID>9227661B-67AB-FCB7-0484-7EB7599557EF</generatorID>
<ownerDesignName>cui_logicalmodel</ownerDesignName>
<allowColumnReorder>false</allowColumnReorder>
<existDependencyGenerateInDDl>true</existDependencyGenerateInDDl>
<parsed>true</parsed>
<columns itemClass="oracle.dbtools.crest.model.design.relational.Column">
<Column name="driver_no" id="B90DD92B-884E-4668-76F8-5C0C518B7EAF">
<createdBy>harshath</createdBy>
<createdTime>2023-05-03 03:11:32 UTC</createdTime>
<commentInRDBMS><![CDATA[Driver Number]]></commentInRDBMS>
<generatorID>C76D0DDF-6D08-DABF-AA36-D0B3240B3260</generatorID>
<ownerDesignName>cui_logicalmodel</ownerDesignName>
<useDomainConstraints>false</useDomainConstraints>
<use>1</use>
<logicalDatatype>LOGDT019</logicalDatatype>
<dataTypePrecision>10</dataTypePrecision>
<ownDataTypeParameters>,10,</ownDataTypeParameters>
<autoIncrementCycle>false</autoIncrementCycle>
</Column>
<Column name="driver_contact_number" id="C318A3BD-5283-8FD8-82C1-361B07CD847A">
<createdBy>harshath</createdBy>
<createdTime>2023-05-03 03:11:32 UTC</createdTime>
<commentInRDBMS><![CDATA[Driver Contact Number]]></commentInRDBMS>
<generatorID>01B3EF04-B715-DEE2-A8B5-1CF84C87C03B</generatorID>
<ownerDesignName>cui_logicalmodel</ownerDesignName>
<useDomainConstraints>false</useDomainConstraints>
<use>1</use>
<logicalDatatype>LOGDT025</logicalDatatype>
<dataTypeSize>10</dataTypeSize>
<ownDataTypeParameters>10,,</ownDataTypeParameters>
<autoIncrementCycle>false</autoIncrementCycle>
</Column>
<Column name="driver_license_number" id="C8962F1E-5E88-6462-13CC-1E1DDFB2B23B">
<createdBy>harshath</createdBy>
<createdTime>2023-05-03 03:11:32 UTC</createdTime>
<commentInRDBMS><![CDATA[Driver License Number]]></commentInRDBMS>
<generatorID>95E7D748-CB91-7A67-82B3-039AA2F9D234</generatorID>
<ownerDesignName>cui_logicalmodel</ownerDesignName>
<useDomainConstraints>false</useDomainConstraints>
<use>1</use>
<logicalDatatype>LOGDT025</logicalDatatype>
<dataTypeSize>9</dataTypeSize>
<ownDataTypeParameters>9,,</ownDataTypeParameters>
<autoIncrementCycle>false</autoIncrementCycle>
</Column>
<Column name="driver_name" id="40A68BF4-BEF6-0F97-C76E-87390048C7D8">
<createdBy>harshath</createdBy>
<createdTime>2023-05-03 03:11:32 UTC</createdTime>
<commentInRDBMS><![CDATA[Driver Name]]></commentInRDBMS>
<generatorID>49DCA5E0-2C14-7561-0EE3-DE15A8CC50C2</generatorID>
<ownerDesignName>cui_logicalmodel</ownerDesignName>
<useDomainConstraints>false</useDomainConstraints>
<use>1</use>
<logicalDatatype>LOGDT024</logicalDatatype>
<dataTypeSize>50</dataTypeSize>
<ownDataTypeParameters>50,,</ownDataTypeParameters>
<autoIncrementCycle>false</autoIncrementCycle>
</Column>
<Column name="driver_dob" id="B64ED0AD-B97A-E36F-9375-2188B9EA230B">
<createdBy>harshath</createdBy>
<createdTime>2023-05-03 03:11:32 UTC</createdTime>
<commentInRDBMS><![CDATA[Driver Date of Birth]]></commentInRDBMS>
<generatorID>D222D27F-0586-54C5-F0C0-2B77A295BE5B</generatorID>
<ownerDesignName>cui_logicalmodel</ownerDesignName>
<useDomainConstraints>false</useDomainConstraints>
<use>1</use>
<logicalDatatype>LOGDT007</logicalDatatype>
<ownDataTypeParameters>,,</ownDataTypeParameters>
<autoIncrementCycle>false</autoIncrementCycle>
</Column>
<Column name="driver_tfn" id="566EBFF9-074A-C70F-2C17-BA8D8DD53938">
<createdBy>harshath</createdBy>
<createdTime>2023-05-03 03:11:32 UTC</createdTime>
<commentInRDBMS><![CDATA[Driver TFN]]></commentInRDBMS>
<generatorID>530B82D5-2617-7550-C3B6-EBC54A378F89</generatorID>
<ownerDesignName>cui_logicalmodel</ownerDesignName>
<useDomainConstraints>false</useDomainConstraints>
<use>1</use>
<logicalDatatype>LOGDT025</logicalDatatype>
<dataTypeSize>9</dataTypeSize>
<ownDataTypeParameters>9,,</ownDataTypeParameters>
<autoIncrementCycle>false</autoIncrementCycle>
</Column>
</columns>
<indexes itemClass="oracle.dbtools.crest.model.design.relational.Index">
<ind_PK_UK id="CF9C6489-4055-9648-FEAB-D736487D4EE7" name="DRIVER_PK">
<createdBy>harshath</createdBy>
<createdTime>2023-05-03 03:11:32 UTC</createdTime>
<generatorID>F8D4F285-30EF-59BD-740D-B425D5212E6D</generatorID>
<ownerDesignName>cui_logicalmodel</ownerDesignName>
<pk>true</pk>
<indexState>Primary Constraint</indexState>
<isSurrogateKey>false</isSurrogateKey>
<indexColumnUsage>
<colUsage columnID="B90DD92B-884E-4668-76F8-5C0C518B7EAF"/>
</indexColumnUsage>
</ind_PK_UK>
</indexes>
</Table>
