<?xml version = '1.0' encoding = 'UTF-8'?>
<Diagram class="oracle.dbtools.crest.swingui.logical.DPVLogical" name="Logical" id="CF20C472-7BCC-E557-9AF8-3F2B04F7AE07">
<createdBy>A01-Group016</createdBy>
<modifiedBy>Harshath Muruganantham, Xavier Younan, Surendran Manokaran </modifiedBy>
<createdTime>2023-04-29 08:17:33 UTC</createdTime>
<autoRoute>false</autoRoute>
<boxInbox>true</boxInbox>
<showLegend>true</showLegend>
<showLabels>true</showLabels>
<showRelAttributes>false</showRelAttributes>
<gridEnabled>false</gridEnabled>
<showGrid>false</showGrid>
<diagramColor>-1</diagramColor>
<legendPosX>931</legendPosX>
<legendPosY>27</legendPosY>
<display>false</display>
<notation>2</notation>
<showAllDetails>false</showAllDetails>
<showElements>true</showElements>
<objectViews>
<OView class="oracle.dbtools.crest.swingui.logical.TVEntity" oid="08F5288A-317B-0030-B29F-039B79ABAD48" otype="Entity" vid="8084FF18-E5F4-57E4-7BE7-E3FBC840FE56">
<hideElementsInCurrentOnly>false</hideElementsInCurrentOnly>
<bounds x="112" y="1073" width="170" height="111"/>
</OView>
<OView class="oracle.dbtools.crest.swingui.logical.TVEntity" oid="191AE54E-A883-E35E-1B0D-5DB297FEACCB" otype="Entity" vid="6B51D185-8EC6-6108-A847-4C6AA7F6D445">
<hideElementsInCurrentOnly>false</hideElementsInCurrentOnly>
<bounds x="773" y="225" width="170" height="112"/>
</OView>
<OView class="oracle.dbtools.crest.swingui.logical.TVEntity" oid="26078252-82F0-101E-4D15-CF9D124D5EB9" otype="Entity" vid="C86182A6-FF63-6F40-5F85-D27F95245AF9">
<hideElementsInCurrentOnly>false</hideElementsInCurrentOnly>
<bounds x="981" y="638" width="175" height="80"/>
</OView>
<OView class="oracle.dbtools.crest.swingui.logical.TVEntity" oid="4538080E-3AD5-AE5B-2E1F-D7A54D8E264F" otype="Entity" vid="D6817B5D-E8AE-CB03-F537-FA152E8D0231">
<hideElementsInCurrentOnly>false</hideElementsInCurrentOnly>
<bounds x="467" y="802" width="192" height="172"/>
</OView>
<OView class="oracle.dbtools.crest.swingui.TVLegend" oid="48A556A0-93D2-9D94-4713-BF5EF89B8FC8" otype="Legend" vid="D4B001B6-CF8C-C37D-6C90-3F623253261B">
<hideElementsInCurrentOnly>false</hideElementsInCurrentOnly>
<bounds x="931" y="27" width="404" height="128"/>
</OView>
<OView class="oracle.dbtools.crest.swingui.logical.TVEntity" oid="4A1EE157-6F9A-1AB6-DF32-91C633C0BF09" otype="Entity" vid="7803B60B-4F89-9FFE-55EB-A10F48C3E1E0">
<hideElementsInCurrentOnly>false</hideElementsInCurrentOnly>
<bounds x="98" y="399" width="170" height="111"/>
</OView>
<OView class="oracle.dbtools.crest.swingui.logical.TVEntity" oid="5EC16C62-4AC8-7E0F-29E1-C8C52D5B2B8F" otype="Entity" vid="26E28CA4-7B1C-2728-20F8-CB11EC919FA1">
<hideElementsInCurrentOnly>false</hideElementsInCurrentOnly>
<bounds x="88" y="236" width="170" height="114"/>
</OView>
<OView class="oracle.dbtools.crest.swingui.logical.TVEntity" oid="7056293B-0E20-B89B-86FB-4848FA6A674A" otype="Entity" vid="CD852582-5E49-5827-34E0-0F3907170E29">
<hideElementsInCurrentOnly>false</hideElementsInCurrentOnly>
<bounds x="477" y="1065" width="170" height="111"/>
</OView>
<OView class="oracle.dbtools.crest.swingui.logical.TVEntity" oid="8AF26BA2-5D98-AF03-A068-A0B023DCCD62" otype="Entity" vid="8A81671A-276A-715D-52F9-DED6D6B8F4F9">
<hideElementsInCurrentOnly>false</hideElementsInCurrentOnly>
<bounds x="962" y="397" width="170" height="111"/>
</OView>
<OView class="oracle.dbtools.crest.swingui.logical.TVEntity" oid="9227661B-67AB-FCB7-0484-7EB7599557EF" otype="Entity" vid="A61246A3-8813-BCA7-EBC3-2BAF72FABA91">
<hideElementsInCurrentOnly>false</hideElementsInCurrentOnly>
<bounds x="453" y="19" width="170" height="113"/>
</OView>
<OView class="oracle.dbtools.crest.swingui.logical.TVEntity" oid="ADAD288D-28EF-07DA-C25E-5193095D79D4" otype="Entity" vid="E9CD0CBA-0619-7BD3-40AE-79D770A89C80">
<hideElementsInCurrentOnly>false</hideElementsInCurrentOnly>
<bounds x="106" y="640" width="170" height="111"/>
</OView>
<OView class="oracle.dbtools.crest.swingui.logical.TVEntity" oid="B59C3915-F01E-A347-B4BB-4178DFFCFAED" otype="Entity" vid="73A74C95-59E1-DA2B-0C6F-FE1C54B68314">
<hideElementsInCurrentOnly>false</hideElementsInCurrentOnly>
<bounds x="101" y="842" width="170" height="111"/>
</OView>
<OView class="oracle.dbtools.crest.swingui.logical.TVEntity" oid="C1D31A27-DFEA-41AC-23C8-A314141FADE5" otype="Entity" vid="B8EBA78C-51A9-22ED-A597-F51D085656FC">
<hideElementsInCurrentOnly>false</hideElementsInCurrentOnly>
<bounds x="957" y="874" width="174" height="119"/>
</OView>
<OView class="oracle.dbtools.crest.swingui.logical.TVEntity" oid="D8AE0731-F244-4FBE-94DA-528B7592C568" otype="Entity" vid="2EB7CCF8-866C-8154-C4A2-3F132811EDEC">
<hideElementsInCurrentOnly>false</hideElementsInCurrentOnly>
<bounds x="1348" y="417" width="188" height="80"/>
</OView>
<OView class="oracle.dbtools.crest.swingui.logical.TVEntity" oid="DEF978AD-B312-A935-648F-B2E783E54E15" otype="Entity" vid="CCF9AC2C-D319-03B1-4942-8B7FA86E4911">
<hideElementsInCurrentOnly>false</hideElementsInCurrentOnly>
<bounds x="89" y="32" width="170" height="114"/>
</OView>
<OView class="oracle.dbtools.crest.swingui.logical.TVEntity" oid="E9B688FD-A12E-72A4-1AB7-57FD262216E6" otype="Entity" vid="2CC78F3F-3984-95AA-4576-DCFFCF8D62C1">
<hideElementsInCurrentOnly>false</hideElementsInCurrentOnly>
<bounds x="456" y="230" width="170" height="114"/>
</OView>
<OView class="oracle.dbtools.crest.swingui.logical.TVEntity" oid="F6572BF1-C064-DD71-DEA3-28D08F2997C1" otype="Entity" vid="2DE3F67E-F798-2AAB-0FFD-7A4652A255C3">
<hideElementsInCurrentOnly>false</hideElementsInCurrentOnly>
<bounds x="447" y="423" width="181" height="82"/>
</OView>
</objectViews>
<connectors>
<Connector class="oracle.dbtools.crest.swingui.logical.TVRelation" oid="07DFB98F-92DB-A5F9-D4B9-30DD90186BAA" otype="Relation" vid_source="A61246A3-8813-BCA7-EBC3-2BAF72FABA91" vid_target="CCF9AC2C-D319-03B1-4942-8B7FA86E4911">
<hideElementsInCurrentOnly>false</hideElementsInCurrentOnly>
<backgroundColor>-16777216</backgroundColor>
<lineWidth>1</lineWidth>
<sourceLabel class="oracle.dbtools.crest.model.design.Label">
<site>0</site>
<labelBounds x="429" y="52" width="18" height="30"/>
<noBackgroundColor>true</noBackgroundColor>
<noForegroundColor>true</noForegroundColor>
</sourceLabel>
<targetLabel class="oracle.dbtools.crest.model.design.Label">
<site>2</site>
<labelBounds x="269" y="85" width="47" height="30"/>
<noBackgroundColor>true</noBackgroundColor>
<noForegroundColor>true</noForegroundColor>
</targetLabel>
<points>
<point x="453" y="82"/>
<point x="259" y="82"/>
</points>
</Connector>
<Connector class="oracle.dbtools.crest.swingui.logical.TVRelation" oid="13E87367-607C-A06D-4490-05828465F517" otype="Relation" vid_source="D6817B5D-E8AE-CB03-F537-FA152E8D0231" vid_target="6B51D185-8EC6-6108-A847-4C6AA7F6D445">
<hideElementsInCurrentOnly>false</hideElementsInCurrentOnly>
<backgroundColor>-16777216</backgroundColor>
<lineWidth>1</lineWidth>
<sourceLabel class="oracle.dbtools.crest.model.design.Label">
<site>0</site>
<labelBounds x="669" y="813" width="18" height="30"/>
<noBackgroundColor>true</noBackgroundColor>
<noForegroundColor>true</noForegroundColor>
</sourceLabel>
<targetLabel class="oracle.dbtools.crest.model.design.Label">
<site>2</site>
<labelBounds x="841" y="373" width="82" height="20"/>
<noBackgroundColor>true</noBackgroundColor>
<noForegroundColor>true</noForegroundColor>
</targetLabel>
<points>
<point x="659" y="843"/>
<point x="841" y="843"/>
<point x="841" y="337"/>
</points>
</Connector>
<Connector class="oracle.dbtools.crest.swingui.logical.TVRelation" oid="1419487D-830F-947B-C523-BB263E7EB939" otype="Relation" vid_source="2CC78F3F-3984-95AA-4576-DCFFCF8D62C1" vid_target="6B51D185-8EC6-6108-A847-4C6AA7F6D445">
<hideElementsInCurrentOnly>false</hideElementsInCurrentOnly>
<backgroundColor>-16777216</backgroundColor>
<lineWidth>1</lineWidth>
<sourceLabel class="oracle.dbtools.crest.model.design.Label">
<site>0</site>
<labelBounds x="636" y="253" width="18" height="30"/>
<noBackgroundColor>true</noBackgroundColor>
<noForegroundColor>true</noForegroundColor>
</sourceLabel>
<targetLabel class="oracle.dbtools.crest.model.design.Label">
<site>2</site>
<labelBounds x="703" y="286" width="64" height="30"/>
<noBackgroundColor>true</noBackgroundColor>
<noForegroundColor>true</noForegroundColor>
</targetLabel>
<points>
<point x="626" y="283"/>
<point x="773" y="283"/>
</points>
</Connector>
<Connector class="oracle.dbtools.crest.swingui.logical.TVRelation" oid="28E91984-8017-9689-6DB7-339F3F10B85D" otype="Relation" vid_source="B8EBA78C-51A9-22ED-A597-F51D085656FC" vid_target="D6817B5D-E8AE-CB03-F537-FA152E8D0231">
<hideElementsInCurrentOnly>false</hideElementsInCurrentOnly>
<backgroundColor>-16777216</backgroundColor>
<lineWidth>1</lineWidth>
<sourceLabel class="oracle.dbtools.crest.model.design.Label">
<site>0</site>
<labelBounds x="933" y="894" width="18" height="30"/>
<noBackgroundColor>true</noBackgroundColor>
<noForegroundColor>true</noForegroundColor>
</sourceLabel>
<targetLabel class="oracle.dbtools.crest.model.design.Label">
<site>2</site>
<labelBounds x="669" y="927" width="57" height="30"/>
<noBackgroundColor>true</noBackgroundColor>
<noForegroundColor>true</noForegroundColor>
</targetLabel>
<points>
<point x="957" y="924"/>
<point x="659" y="924"/>
</points>
</Connector>
<Connector class="oracle.dbtools.crest.swingui.logical.TVRelation" oid="2C0F3930-A26C-3107-8D95-8B910BA9187D" otype="Relation" vid_source="73A74C95-59E1-DA2B-0C6F-FE1C54B68314" vid_target="D6817B5D-E8AE-CB03-F537-FA152E8D0231">
<hideElementsInCurrentOnly>false</hideElementsInCurrentOnly>
<backgroundColor>-16777216</backgroundColor>
<lineWidth>1</lineWidth>
<sourceLabel class="oracle.dbtools.crest.model.design.Label">
<site>0</site>
<labelBounds x="281" y="867" width="35" height="30"/>
<noBackgroundColor>true</noBackgroundColor>
<noForegroundColor>true</noForegroundColor>
</sourceLabel>
<targetLabel class="oracle.dbtools.crest.model.design.Label">
<site>2</site>
<labelBounds x="443" y="900" width="18" height="30"/>
<noBackgroundColor>true</noBackgroundColor>
<noForegroundColor>true</noForegroundColor>
</targetLabel>
<points>
<point x="271" y="897"/>
<point x="467" y="897"/>
</points>
</Connector>
<Connector class="oracle.dbtools.crest.swingui.logical.TVRelation" oid="574292AE-CDC6-43AB-09C6-981512A57ACA" otype="Relation" vid_source="8A81671A-276A-715D-52F9-DED6D6B8F4F9" vid_target="C86182A6-FF63-6F40-5F85-D27F95245AF9">
<hideElementsInCurrentOnly>false</hideElementsInCurrentOnly>
<backgroundColor>-16777216</backgroundColor>
<lineWidth>1</lineWidth>
<sourceLabel class="oracle.dbtools.crest.model.design.Label">
<site>0</site>
<labelBounds x="1056" y="552" width="18" height="30"/>
<noBackgroundColor>true</noBackgroundColor>
<noForegroundColor>true</noForegroundColor>
</sourceLabel>
<targetLabel class="oracle.dbtools.crest.model.design.Label">
<site>2</site>
<labelBounds x="1056" y="602" width="64" height="30"/>
<noBackgroundColor>true</noBackgroundColor>
<noForegroundColor>true</noForegroundColor>
</targetLabel>
<points>
<point x="1056" y="508"/>
<point x="1056" y="638"/>
</points>
</Connector>
<Connector class="oracle.dbtools.crest.swingui.logical.TVRelation" oid="5A656B8C-5D58-C7BA-FAAF-CAAEFD3586E1" otype="Relation" vid_source="26E28CA4-7B1C-2728-20F8-CB11EC919FA1" vid_target="CCF9AC2C-D319-03B1-4942-8B7FA86E4911">
<hideElementsInCurrentOnly>false</hideElementsInCurrentOnly>
<backgroundColor>-16777216</backgroundColor>
<lineWidth>1</lineWidth>
<sourceLabel class="oracle.dbtools.crest.model.design.Label">
<site>0</site>
<labelBounds x="173" y="200" width="18" height="30"/>
<noBackgroundColor>true</noBackgroundColor>
<noForegroundColor>true</noForegroundColor>
</sourceLabel>
<targetLabel class="oracle.dbtools.crest.model.design.Label">
<site>2</site>
<labelBounds x="173" y="190" width="75" height="30"/>
<noBackgroundColor>true</noBackgroundColor>
<noForegroundColor>true</noForegroundColor>
</targetLabel>
<points>
<point x="173" y="236"/>
<point x="173" y="146"/>
</points>
</Connector>
<Connector class="oracle.dbtools.crest.swingui.logical.TVRelation" oid="5BC1132E-0E14-C5F8-416E-0D035EC35832" otype="Relation" vid_source="2DE3F67E-F798-2AAB-0FFD-7A4652A255C3" vid_target="2CC78F3F-3984-95AA-4576-DCFFCF8D62C1">
<hideElementsInCurrentOnly>false</hideElementsInCurrentOnly>
<backgroundColor>-16777216</backgroundColor>
<lineWidth>1</lineWidth>
<sourceLabel class="oracle.dbtools.crest.model.design.Label">
<site>0</site>
<labelBounds x="541" y="379" width="18" height="30"/>
<noBackgroundColor>true</noBackgroundColor>
<noForegroundColor>true</noForegroundColor>
</sourceLabel>
<targetLabel class="oracle.dbtools.crest.model.design.Label">
<site>2</site>
<labelBounds x="541" y="380" width="113" height="26"/>
<noBackgroundColor>true</noBackgroundColor>
<noForegroundColor>true</noForegroundColor>
</targetLabel>
<points>
<point x="541" y="423"/>
<point x="541" y="344"/>
</points>
</Connector>
<Connector class="oracle.dbtools.crest.swingui.logical.TVRelation" oid="617B788C-22F5-C4C3-C2A9-72D79EBF5AA2" otype="Relation" vid_source="7803B60B-4F89-9FFE-55EB-A10F48C3E1E0" vid_target="E9CD0CBA-0619-7BD3-40AE-79D770A89C80">
<hideElementsInCurrentOnly>false</hideElementsInCurrentOnly>
<backgroundColor>-16777216</backgroundColor>
<lineWidth>1</lineWidth>
<sourceLabel class="oracle.dbtools.crest.model.design.Label">
<site>0</site>
<labelBounds x="187" y="554" width="58" height="30"/>
<noBackgroundColor>true</noBackgroundColor>
<noForegroundColor>true</noForegroundColor>
</sourceLabel>
<targetLabel class="oracle.dbtools.crest.model.design.Label">
<site>2</site>
<labelBounds x="187" y="596" width="18" height="30"/>
<noBackgroundColor>true</noBackgroundColor>
<noForegroundColor>true</noForegroundColor>
</targetLabel>
<points>
<point x="187" y="510"/>
<point x="187" y="640"/>
</points>
</Connector>
<Connector class="oracle.dbtools.crest.swingui.logical.TVRelation" oid="6E98A7ED-E846-F131-E9FD-94868D4847EE" otype="Relation" vid_source="2EB7CCF8-866C-8154-C4A2-3F132811EDEC" vid_target="8A81671A-276A-715D-52F9-DED6D6B8F4F9">
<hideElementsInCurrentOnly>false</hideElementsInCurrentOnly>
<backgroundColor>-16777216</backgroundColor>
<lineWidth>1</lineWidth>
<sourceLabel class="oracle.dbtools.crest.model.design.Label">
<site>0</site>
<labelBounds x="1324" y="427" width="18" height="30"/>
<noBackgroundColor>true</noBackgroundColor>
<noForegroundColor>true</noForegroundColor>
</sourceLabel>
<targetLabel class="oracle.dbtools.crest.model.design.Label">
<site>2</site>
<labelBounds x="1142" y="460" width="36" height="20"/>
<noBackgroundColor>true</noBackgroundColor>
<noForegroundColor>true</noForegroundColor>
</targetLabel>
<points>
<point x="1348" y="457"/>
<point x="1132" y="457"/>
</points>
</Connector>
<Connector class="oracle.dbtools.crest.swingui.logical.TVRelation" oid="6F77E9EE-4BB3-BA76-D2BE-46F544006D87" otype="Relation" vid_source="2EB7CCF8-866C-8154-C4A2-3F132811EDEC" vid_target="B8EBA78C-51A9-22ED-A597-F51D085656FC">
<hideElementsInCurrentOnly>false</hideElementsInCurrentOnly>
<backgroundColor>-16777216</backgroundColor>
<lineWidth>1</lineWidth>
<sourceLabel class="oracle.dbtools.crest.model.design.Label">
<site>0</site>
<labelBounds x="1405" y="533" width="68" height="30"/>
<noBackgroundColor>true</noBackgroundColor>
<noForegroundColor>true</noForegroundColor>
</sourceLabel>
<targetLabel class="oracle.dbtools.crest.model.design.Label">
<site>2</site>
<labelBounds x="1141" y="925" width="18" height="30"/>
<noBackgroundColor>true</noBackgroundColor>
<noForegroundColor>true</noForegroundColor>
</targetLabel>
<points>
<point x="1405" y="497"/>
<point x="1405" y="922"/>
<point x="1131" y="922"/>
</points>
</Connector>
<Connector class="oracle.dbtools.crest.swingui.logical.TVRelation" oid="8415F5CF-1469-13D1-8C15-421DC7337C69" otype="Relation" vid_source="7803B60B-4F89-9FFE-55EB-A10F48C3E1E0" vid_target="2DE3F67E-F798-2AAB-0FFD-7A4652A255C3">
<hideElementsInCurrentOnly>false</hideElementsInCurrentOnly>
<backgroundColor>-16777216</backgroundColor>
<lineWidth>1</lineWidth>
<sourceLabel class="oracle.dbtools.crest.model.design.Label">
<site>0</site>
<labelBounds x="278" y="434" width="38" height="30"/>
<noBackgroundColor>true</noBackgroundColor>
<noForegroundColor>true</noForegroundColor>
</sourceLabel>
<targetLabel class="oracle.dbtools.crest.model.design.Label">
<site>2</site>
<labelBounds x="423" y="467" width="18" height="30"/>
<noBackgroundColor>true</noBackgroundColor>
<noForegroundColor>true</noForegroundColor>
</targetLabel>
<points>
<point x="268" y="464"/>
<point x="447" y="464"/>
</points>
</Connector>
<Connector class="oracle.dbtools.crest.swingui.logical.TVRelation" oid="86A03B54-650F-6B89-B05C-0EA6BD47CA32" otype="Relation" vid_source="2DE3F67E-F798-2AAB-0FFD-7A4652A255C3" vid_target="8A81671A-276A-715D-52F9-DED6D6B8F4F9">
<hideElementsInCurrentOnly>false</hideElementsInCurrentOnly>
<backgroundColor>-16777216</backgroundColor>
<lineWidth>1</lineWidth>
<sourceLabel class="oracle.dbtools.crest.model.design.Label">
<site>0</site>
<labelBounds x="638" y="434" width="63" height="30"/>
<noBackgroundColor>true</noBackgroundColor>
<noForegroundColor>true</noForegroundColor>
</sourceLabel>
<targetLabel class="oracle.dbtools.crest.model.design.Label">
<site>2</site>
<labelBounds x="938" y="467" width="18" height="30"/>
<noBackgroundColor>true</noBackgroundColor>
<noForegroundColor>true</noForegroundColor>
</targetLabel>
<points>
<point x="628" y="464"/>
<point x="962" y="464"/>
</points>
</Connector>
<Connector class="oracle.dbtools.crest.swingui.logical.TVRelation" oid="BEFD0C35-00D9-FA4F-245F-DCF77D67D1FB" otype="Relation" vid_source="B8EBA78C-51A9-22ED-A597-F51D085656FC" vid_target="C86182A6-FF63-6F40-5F85-D27F95245AF9">
<hideElementsInCurrentOnly>false</hideElementsInCurrentOnly>
<backgroundColor>-16777216</backgroundColor>
<lineWidth>1</lineWidth>
<sourceLabel class="oracle.dbtools.crest.model.design.Label">
<site>0</site>
<labelBounds x="1056" y="822" width="40" height="30"/>
<noBackgroundColor>true</noBackgroundColor>
<noForegroundColor>true</noForegroundColor>
</sourceLabel>
<targetLabel class="oracle.dbtools.crest.model.design.Label">
<site>2</site>
<labelBounds x="1056" y="762" width="18" height="30"/>
<noBackgroundColor>true</noBackgroundColor>
<noForegroundColor>true</noForegroundColor>
</targetLabel>
<points>
<point x="1056" y="874"/>
<point x="1056" y="718"/>
</points>
</Connector>
<Connector class="oracle.dbtools.crest.swingui.logical.TVRelation" oid="C91E16C7-686D-48E3-55C7-402A21B3444F" otype="Relation" vid_source="A61246A3-8813-BCA7-EBC3-2BAF72FABA91" vid_target="2CC78F3F-3984-95AA-4576-DCFFCF8D62C1">
<hideElementsInCurrentOnly>false</hideElementsInCurrentOnly>
<backgroundColor>-16777216</backgroundColor>
<lineWidth>1</lineWidth>
<sourceLabel class="oracle.dbtools.crest.model.design.Label">
<site>0</site>
<labelBounds x="539" y="176" width="18" height="30"/>
<noBackgroundColor>true</noBackgroundColor>
<noForegroundColor>true</noForegroundColor>
</sourceLabel>
<targetLabel class="oracle.dbtools.crest.model.design.Label">
<site>2</site>
<labelBounds x="539" y="186" width="75" height="30"/>
<noBackgroundColor>true</noBackgroundColor>
<noForegroundColor>true</noForegroundColor>
</targetLabel>
<points>
<point x="539" y="132"/>
<point x="539" y="230"/>
</points>
</Connector>
<Connector class="oracle.dbtools.crest.swingui.logical.TVRelation" oid="D31D9F10-9DEA-A44F-4DE3-AEE351AE4CE4" otype="Relation" vid_source="26E28CA4-7B1C-2728-20F8-CB11EC919FA1" vid_target="2CC78F3F-3984-95AA-4576-DCFFCF8D62C1">
<hideElementsInCurrentOnly>false</hideElementsInCurrentOnly>
<backgroundColor>-16777216</backgroundColor>
<lineWidth>1</lineWidth>
<sourceLabel class="oracle.dbtools.crest.model.design.Label">
<site>0</site>
<labelBounds x="268" y="260" width="67" height="30"/>
<noBackgroundColor>true</noBackgroundColor>
<noForegroundColor>true</noForegroundColor>
</sourceLabel>
<targetLabel class="oracle.dbtools.crest.model.design.Label">
<site>2</site>
<labelBounds x="365" y="293" width="85" height="30"/>
<noBackgroundColor>true</noBackgroundColor>
<noForegroundColor>true</noForegroundColor>
</targetLabel>
<points>
<point x="258" y="290"/>
<point x="456" y="290"/>
</points>
</Connector>
<Connector class="oracle.dbtools.crest.swingui.logical.TVRelation" oid="E06DD35E-8FCB-1758-566A-CEB955B3D741" otype="Relation" vid_source="73A74C95-59E1-DA2B-0C6F-FE1C54B68314" vid_target="8084FF18-E5F4-57E4-7BE7-E3FBC840FE56">
<hideElementsInCurrentOnly>false</hideElementsInCurrentOnly>
<backgroundColor>-16777216</backgroundColor>
<lineWidth>1</lineWidth>
<sourceLabel class="oracle.dbtools.crest.model.design.Label">
<site>0</site>
<labelBounds x="191" y="1005" width="18" height="30"/>
<noBackgroundColor>true</noBackgroundColor>
<noForegroundColor>true</noForegroundColor>
</sourceLabel>
<targetLabel class="oracle.dbtools.crest.model.design.Label">
<site>2</site>
<labelBounds x="191" y="1037" width="38" height="30"/>
<noBackgroundColor>true</noBackgroundColor>
<noForegroundColor>true</noForegroundColor>
</targetLabel>
<points>
<point x="191" y="953"/>
<point x="191" y="1073"/>
</points>
</Connector>
<Connector class="oracle.dbtools.crest.swingui.logical.TVRelation" oid="E8780264-372B-B840-2129-6039D2CFB0D5" otype="Relation" vid_source="CD852582-5E49-5827-34E0-0F3907170E29" vid_target="8084FF18-E5F4-57E4-7BE7-E3FBC840FE56">
<hideElementsInCurrentOnly>false</hideElementsInCurrentOnly>
<backgroundColor>-16777216</backgroundColor>
<lineWidth>1</lineWidth>
<sourceLabel class="oracle.dbtools.crest.model.design.Label">
<site>0</site>
<labelBounds x="440" y="1094" width="31" height="30"/>
<noBackgroundColor>true</noBackgroundColor>
<noForegroundColor>true</noForegroundColor>
</sourceLabel>
<targetLabel class="oracle.dbtools.crest.model.design.Label">
<site>2</site>
<labelBounds x="292" y="1127" width="18" height="30"/>
<noBackgroundColor>true</noBackgroundColor>
<noForegroundColor>true</noForegroundColor>
</targetLabel>
<points>
<point x="477" y="1124"/>
<point x="282" y="1124"/>
</points>
</Connector>
<Connector class="oracle.dbtools.crest.swingui.logical.TVRelation" oid="F40898F7-18A7-E05F-AF50-E993F4C05F15" otype="Relation" vid_source="E9CD0CBA-0619-7BD3-40AE-79D770A89C80" vid_target="73A74C95-59E1-DA2B-0C6F-FE1C54B68314">
<hideElementsInCurrentOnly>false</hideElementsInCurrentOnly>
<backgroundColor>-16777216</backgroundColor>
<lineWidth>1</lineWidth>
<sourceLabel class="oracle.dbtools.crest.model.design.Label">
<site>0</site>
<labelBounds x="188" y="787" width="63" height="30"/>
<noBackgroundColor>true</noBackgroundColor>
<noForegroundColor>true</noForegroundColor>
</sourceLabel>
<targetLabel class="oracle.dbtools.crest.model.design.Label">
<site>2</site>
<labelBounds x="188" y="806" width="18" height="30"/>
<noBackgroundColor>true</noBackgroundColor>
<noForegroundColor>true</noForegroundColor>
</targetLabel>
<points>
<point x="188" y="751"/>
<point x="188" y="842"/>
</points>
</Connector>
</connectors>
</Diagram>
