<?xml version = '1.0' encoding = 'UTF-8'?>
<Entity class="oracle.dbtools.crest.model.design.logical.Entity" directorySegmentName="seg_0" id="08F5288A-317B-0030-B29F-039B79ABAD48" name="PROPERTY_OWNER">
<createdBy>harshath</createdBy>
<createdTime>2023-04-29 08:27:29 UTC</createdTime>
<ownerDesignName>cui_logicalmodel</ownerDesignName>
<engineerTo>
<item key="8EED4F6A-4249-513B-26FF-1D134DF4C44A" value="true"/>
</engineerTo>
<adequatelyNormalized>NO</adequatelyNormalized>
<expectedVolumes>0</expectedVolumes>
<fwdEngineeringStrategyName>Single Table</fwdEngineeringStrategyName>
<growthPercent>0</growthPercent>
<growthType>Year</growthType>
<maxVolumes>9999999</maxVolumes>
<minVolumes>0</minVolumes>
<normalForm>Third</normalForm>
<attributes itemClass="oracle.dbtools.crest.model.design.logical.Attribute">
<Attribute name="property_street_no" id="C33D593B-B38C-8947-2A8C-5B7B7C8C9D8D">
<createdBy>xyoun</createdBy>
<createdTime>2023-04-30 07:26:29 UTC</createdTime>
<commentInRDBMS><![CDATA[Property Street Number]]></commentInRDBMS>
<generatorID>E06DD35E-8FCB-1758-566A-CEB955B3D741</generatorID>
<ownerDesignName>cui_logicalmodel</ownerDesignName>
<engineerTo>
<item key="8EED4F6A-4249-513B-26FF-1D134DF4C44A" value="true"/>
</engineerTo>
<referedAttribute>41805B84-7A37-1CAD-BC56-AEFEE593A47A</referedAttribute>
<useDomainConstraints>false</useDomainConstraints>
<use>1</use>
<logicalDatatype>LOGDT019</logicalDatatype>
<dataTypePrecision>10</dataTypePrecision>
<ownDataTypeParameters>,10,</ownDataTypeParameters>
</Attribute>
<Attribute name="owner_id" id="05406D63-4E9F-D997-9F66-E3ED94D1DAA3">
<createdBy>xyoun</createdBy>
<createdTime>2023-04-30 07:28:13 UTC</createdTime>
<commentInRDBMS><![CDATA[Owner ID]]></commentInRDBMS>
<generatorID>E8780264-372B-B840-2129-6039D2CFB0D5</generatorID>
<ownerDesignName>cui_logicalmodel</ownerDesignName>
<engineerTo>
<item key="8EED4F6A-4249-513B-26FF-1D134DF4C44A" value="true"/>
</engineerTo>
<referedAttribute>ADA3A370-225B-051F-17A0-8CF9D04792AA</referedAttribute>
<useDomainConstraints>false</useDomainConstraints>
<use>1</use>
<logicalDatatype>LOGDT019</logicalDatatype>
<dataTypePrecision>10</dataTypePrecision>
<ownDataTypeParameters>,10,</ownDataTypeParameters>
</Attribute>
<Attribute name="street_id" id="CD4DB10D-60F7-C08D-C4DE-B8E537081AD5">
<createdBy>xyoun</createdBy>
<createdTime>2023-04-30 07:37:20 UTC</createdTime>
<commentInRDBMS><![CDATA[Street ID]]></commentInRDBMS>
<generatorID>E06DD35E-8FCB-1758-566A-CEB955B3D741</generatorID>
<ownerDesignName>cui_logicalmodel</ownerDesignName>
<engineerTo>
<item key="8EED4F6A-4249-513B-26FF-1D134DF4C44A" value="true"/>
</engineerTo>
<referedAttribute>6DCA126F-C03C-81D3-3FC8-51B2C0FF9A3F</referedAttribute>
<useDomainConstraints>false</useDomainConstraints>
<use>1</use>
<logicalDatatype>LOGDT019</logicalDatatype>
<ownDataTypeParameters>,,</ownDataTypeParameters>
</Attribute>
<Attribute name="auth_name" id="8D5EF4B6-F24C-9734-E148-215CB6047CE0">
<createdBy>xyoun</createdBy>
<createdTime>2023-04-30 07:37:20 UTC</createdTime>
<commentInRDBMS><![CDATA[Authority Name]]></commentInRDBMS>
<generatorID>E06DD35E-8FCB-1758-566A-CEB955B3D741</generatorID>
<ownerDesignName>cui_logicalmodel</ownerDesignName>
<engineerTo>
<item key="8EED4F6A-4249-513B-26FF-1D134DF4C44A" value="true"/>
</engineerTo>
<referedAttribute>ABAB5D37-D72C-A62A-8D19-84A271FFD88F</referedAttribute>
<useDomainConstraints>false</useDomainConstraints>
<use>1</use>
<logicalDatatype>LOGDT024</logicalDatatype>
<dataTypeSize>50</dataTypeSize>
<ownDataTypeParameters>50,,</ownDataTypeParameters>
</Attribute>
</attributes>
<identifiers itemClass="oracle.dbtools.crest.model.design.logical.CandidateKey">
<identifier id="5F5A8F63-3E76-2193-D15A-11D991C67164" name="PROPERTY_OWNER PK">
<createdBy>harshath</createdBy>
<createdTime>2023-04-29 08:27:57 UTC</createdTime>
<ownerDesignName>cui_logicalmodel</ownerDesignName>
<shouldEngineer>false</shouldEngineer>
<engineerTo>
<item key="8EED4F6A-4249-513B-26FF-1D134DF4C44A" value="false"/>
</engineerTo>
<pk>true</pk>
<usedAttributes>
<attributeRef>C33D593B-B38C-8947-2A8C-5B7B7C8C9D8D</attributeRef>
<attributeRef>CD4DB10D-60F7-C08D-C4DE-B8E537081AD5</attributeRef>
<attributeRef>8D5EF4B6-F24C-9734-E148-215CB6047CE0</attributeRef>
<attributeRef>05406D63-4E9F-D997-9F66-E3ED94D1DAA3</attributeRef>
</usedAttributes>
</identifier>
</identifiers>
</Entity>
