<?xml version = '1.0' encoding = 'UTF-8'?>
<Entity class="oracle.dbtools.crest.model.design.logical.Entity" directorySegmentName="seg_0" id="26078252-82F0-101E-4D15-CF9D124D5EB9" name="SUPPLY_COST">
<createdBy>xyoun</createdBy>
<createdTime>2023-05-01 11:08:48 UTC</createdTime>
<ownerDesignName>cui_logicalmodel</ownerDesignName>
<engineerTo>
<item key="8EED4F6A-4249-513B-26FF-1D134DF4C44A" value="true"/>
</engineerTo>
<adequatelyNormalized>NO</adequatelyNormalized>
<expectedVolumes>0</expectedVolumes>
<fwdEngineeringStrategyName>Single Table</fwdEngineeringStrategyName>
<growthPercent>0</growthPercent>
<growthType>Year</growthType>
<maxVolumes>9999999</maxVolumes>
<minVolumes>0</minVolumes>
<normalForm>Third</normalForm>
<attributes itemClass="oracle.dbtools.crest.model.design.logical.Attribute">
<Attribute name="supply_cost_contract" id="1B9D6798-31D8-23D0-481C-584E81683A52">
<createdBy>xyoun</createdBy>
<createdTime>2023-05-01 11:08:54 UTC</createdTime>
<commentInRDBMS><![CDATA[bin supply cost defined in the contract]]></commentInRDBMS>
<ownerDesignName>cui_logicalmodel</ownerDesignName>
<engineerTo>
<item key="8EED4F6A-4249-513B-26FF-1D134DF4C44A" value="true"/>
</engineerTo>
<useDomainConstraints>false</useDomainConstraints>
<use>1</use>
<logicalDatatype>LOGDT019</logicalDatatype>
<dataTypePrecision>10</dataTypePrecision>
<dataTypeScale>2</dataTypeScale>
<ownDataTypeParameters>,10,2</ownDataTypeParameters>
</Attribute>
<Attribute name="cwt_id" id="F492251F-1D1B-F841-408D-C1840BDAFAA3">
<createdBy>xyoun</createdBy>
<createdTime>2023-05-01 11:09:40 UTC</createdTime>
<commentInRDBMS><![CDATA[contract waste type surrogate key]]></commentInRDBMS>
<generatorID>574292AE-CDC6-43AB-09C6-981512A57ACA</generatorID>
<ownerDesignName>cui_logicalmodel</ownerDesignName>
<engineerTo>
<item key="8EED4F6A-4249-513B-26FF-1D134DF4C44A" value="true"/>
</engineerTo>
<referedAttribute>ACEFEC82-F8F4-E6E5-315F-C0F40CB080FF</referedAttribute>
<useDomainConstraints>false</useDomainConstraints>
<use>1</use>
<logicalDatatype>LOGDT019</logicalDatatype>
<dataTypePrecision>10</dataTypePrecision>
<ownDataTypeParameters>,,</ownDataTypeParameters>
</Attribute>
<Attribute name="bin_id" id="C8AC5753-B01B-98C8-2B7E-9AE9E57E5189">
<createdBy>xyoun</createdBy>
<createdTime>2023-05-01 11:09:55 UTC</createdTime>
<commentInRDBMS><![CDATA[bin surrogate key]]></commentInRDBMS>
<generatorID>BEFD0C35-00D9-FA4F-245F-DCF77D67D1FB</generatorID>
<ownerDesignName>cui_logicalmodel</ownerDesignName>
<engineerTo>
<item key="8EED4F6A-4249-513B-26FF-1D134DF4C44A" value="true"/>
</engineerTo>
<referedAttribute>B139C716-5005-ED16-D81A-B35FFD38DD75</referedAttribute>
<useDomainConstraints>false</useDomainConstraints>
<use>1</use>
<logicalDatatype>LOGDT019</logicalDatatype>
<dataTypePrecision>10</dataTypePrecision>
<ownDataTypeParameters>,,</ownDataTypeParameters>
</Attribute>
</attributes>
<identifiers itemClass="oracle.dbtools.crest.model.design.logical.CandidateKey">
<identifier id="16CF0EF3-241A-BF1A-DA53-59F4146E9F1B" name="SUPPLY_COST PK">
<createdBy>xyoun</createdBy>
<createdTime>2023-05-01 11:09:40 UTC</createdTime>
<ownerDesignName>cui_logicalmodel</ownerDesignName>
<engineerTo>
<item key="8EED4F6A-4249-513B-26FF-1D134DF4C44A" value="true"/>
</engineerTo>
<pk>true</pk>
<usedAttributes>
<attributeRef>F492251F-1D1B-F841-408D-C1840BDAFAA3</attributeRef>
<attributeRef>C8AC5753-B01B-98C8-2B7E-9AE9E57E5189</attributeRef>
</usedAttributes>
</identifier>
</identifiers>
</Entity>
