<?xml version = '1.0' encoding = 'UTF-8'?>
<Entity class="oracle.dbtools.crest.model.design.logical.Entity" directorySegmentName="seg_0" id="5EC16C62-4AC8-7E0F-29E1-C8C52D5B2B8F" name="TRUCK">
<createdBy>harshath</createdBy>
<createdTime>2023-04-30 08:25:29 UTC</createdTime>
<ownerDesignName>cui_logicalmodel</ownerDesignName>
<engineerTo>
<item key="8EED4F6A-4249-513B-26FF-1D134DF4C44A" value="true"/>
</engineerTo>
<adequatelyNormalized>NO</adequatelyNormalized>
<expectedVolumes>0</expectedVolumes>
<fwdEngineeringStrategyName>Single Table</fwdEngineeringStrategyName>
<growthPercent>0</growthPercent>
<growthType>Year</growthType>
<maxVolumes>9999999</maxVolumes>
<minVolumes>0</minVolumes>
<normalForm>Third</normalForm>
<attributes itemClass="oracle.dbtools.crest.model.design.logical.Attribute">
<Attribute name="truck_vin" id="D03CEA71-E11D-C962-4330-76D7F5678F63">
<createdBy>harshath</createdBy>
<createdTime>2023-04-30 08:25:33 UTC</createdTime>
<commentInRDBMS><![CDATA[Truck VIN]]></commentInRDBMS>
<ownerDesignName>cui_logicalmodel</ownerDesignName>
<engineerTo>
<item key="8EED4F6A-4249-513B-26FF-1D134DF4C44A" value="true"/>
</engineerTo>
<useDomainConstraints>false</useDomainConstraints>
<use>1</use>
<logicalDatatype>LOGDT025</logicalDatatype>
<dataTypeSize>17</dataTypeSize>
<ownDataTypeParameters>17,,</ownDataTypeParameters>
</Attribute>
<Attribute name="truck_rego_no" id="459319DF-B8A7-14C2-FC9C-9BA1F41F8B01">
<createdBy>harshath</createdBy>
<createdTime>2023-04-30 08:26:10 UTC</createdTime>
<commentInRDBMS><![CDATA[Truck Rego Number]]></commentInRDBMS>
<ownerDesignName>cui_logicalmodel</ownerDesignName>
<engineerTo>
<item key="8EED4F6A-4249-513B-26FF-1D134DF4C44A" value="true"/>
</engineerTo>
<useDomainConstraints>false</useDomainConstraints>
<use>1</use>
<logicalDatatype>LOGDT025</logicalDatatype>
<dataTypeSize>9</dataTypeSize>
<ownDataTypeParameters>9,,</ownDataTypeParameters>
</Attribute>
<Attribute name="truck_make" id="523B3F3B-5065-EBE8-F8A8-C9B477774887">
<createdBy>harshath</createdBy>
<createdTime>2023-04-30 08:26:59 UTC</createdTime>
<commentInRDBMS><![CDATA[Truck Maker]]></commentInRDBMS>
<ownerDesignName>cui_logicalmodel</ownerDesignName>
<engineerTo>
<item key="8EED4F6A-4249-513B-26FF-1D134DF4C44A" value="true"/>
</engineerTo>
<useDomainConstraints>false</useDomainConstraints>
<use>1</use>
<logicalDatatype>LOGDT024</logicalDatatype>
<dataTypeSize>50</dataTypeSize>
<ownDataTypeParameters>50,,</ownDataTypeParameters>
</Attribute>
<Attribute name="truck_model" id="1A52681C-E076-342C-BF10-B39B54A256D6">
<createdBy>harshath</createdBy>
<createdTime>2023-04-30 08:27:18 UTC</createdTime>
<commentInRDBMS><![CDATA[Truck Model]]></commentInRDBMS>
<ownerDesignName>cui_logicalmodel</ownerDesignName>
<engineerTo>
<item key="8EED4F6A-4249-513B-26FF-1D134DF4C44A" value="true"/>
</engineerTo>
<nullsAllowed>true</nullsAllowed>
<useDomainConstraints>false</useDomainConstraints>
<use>1</use>
<logicalDatatype>LOGDT024</logicalDatatype>
<dataTypeSize>50</dataTypeSize>
<ownDataTypeParameters>50,,</ownDataTypeParameters>
</Attribute>
<Attribute name="truck_year" id="0BFC3675-8D54-B779-5759-304B6516F06D">
<createdBy>harshath</createdBy>
<createdTime>2023-04-30 08:27:37 UTC</createdTime>
<commentInRDBMS><![CDATA[Truck Year]]></commentInRDBMS>
<ownerDesignName>cui_logicalmodel</ownerDesignName>
<engineerTo>
<item key="8EED4F6A-4249-513B-26FF-1D134DF4C44A" value="true"/>
</engineerTo>
<useDomainConstraints>false</useDomainConstraints>
<use>1</use>
<logicalDatatype>LOGDT007</logicalDatatype>
<ownDataTypeParameters>,,</ownDataTypeParameters>
</Attribute>
</attributes>
<identifiers itemClass="oracle.dbtools.crest.model.design.logical.CandidateKey">
<identifier id="EDEC39D8-C70C-6DEA-A1A5-E66741DDE8FA" name="TRUCK PK">
<createdBy>harshath</createdBy>
<createdTime>2023-04-30 08:26:23 UTC</createdTime>
<ownerDesignName>cui_logicalmodel</ownerDesignName>
<shouldEngineer>false</shouldEngineer>
<engineerTo>
<item key="8EED4F6A-4249-513B-26FF-1D134DF4C44A" value="false"/>
</engineerTo>
<pk>true</pk>
<usedAttributes>
<attributeRef>D03CEA71-E11D-C962-4330-76D7F5678F63</attributeRef>
</usedAttributes>
</identifier>
</identifiers>
</Entity>
