<?xml version = '1.0' encoding = 'UTF-8'?>
<Entity class="oracle.dbtools.crest.model.design.logical.Entity" directorySegmentName="seg_0" id="7056293B-0E20-B89B-86FB-4848FA6A674A" name="OWNER">
<createdBy>harshath</createdBy>
<createdTime>2023-04-29 08:36:13 UTC</createdTime>
<ownerDesignName>cui_logicalmodel</ownerDesignName>
<engineerTo>
<item key="8EED4F6A-4249-513B-26FF-1D134DF4C44A" value="true"/>
</engineerTo>
<adequatelyNormalized>NO</adequatelyNormalized>
<expectedVolumes>0</expectedVolumes>
<fwdEngineeringStrategyName>Single Table</fwdEngineeringStrategyName>
<growthPercent>0</growthPercent>
<growthType>Year</growthType>
<maxVolumes>9999999</maxVolumes>
<minVolumes>0</minVolumes>
<normalForm>Third</normalForm>
<attributes itemClass="oracle.dbtools.crest.model.design.logical.Attribute">
<Attribute name="owner_id" id="ADA3A370-225B-051F-17A0-8CF9D04792AA">
<createdBy>harshath</createdBy>
<createdTime>2023-04-29 08:36:20 UTC</createdTime>
<commentInRDBMS><![CDATA[Owner ID]]></commentInRDBMS>
<ownerDesignName>cui_logicalmodel</ownerDesignName>
<engineerTo>
<item key="8EED4F6A-4249-513B-26FF-1D134DF4C44A" value="true"/>
</engineerTo>
<useDomainConstraints>false</useDomainConstraints>
<use>1</use>
<logicalDatatype>LOGDT019</logicalDatatype>
<dataTypePrecision>10</dataTypePrecision>
<ownDataTypeParameters>,10,</ownDataTypeParameters>
</Attribute>
<Attribute name="owner_name" id="D026E1F7-5B57-1C87-E7B9-F95CB7A8A7AF">
<createdBy>harshath</createdBy>
<createdTime>2023-04-29 08:36:40 UTC</createdTime>
<commentInRDBMS><![CDATA[Owner Name]]></commentInRDBMS>
<ownerDesignName>cui_logicalmodel</ownerDesignName>
<engineerTo>
<item key="8EED4F6A-4249-513B-26FF-1D134DF4C44A" value="true"/>
</engineerTo>
<useDomainConstraints>false</useDomainConstraints>
<use>1</use>
<logicalDatatype>LOGDT024</logicalDatatype>
<dataTypeSize>50</dataTypeSize>
<ownDataTypeParameters>50,,</ownDataTypeParameters>
</Attribute>
<Attribute name="owner_email" id="BD64272F-16A3-CDE8-D6AD-167BFF8EF803">
<createdBy>harshath</createdBy>
<createdTime>2023-04-29 08:36:59 UTC</createdTime>
<commentInRDBMS><![CDATA[Owner Email]]></commentInRDBMS>
<ownerDesignName>cui_logicalmodel</ownerDesignName>
<engineerTo>
<item key="8EED4F6A-4249-513B-26FF-1D134DF4C44A" value="true"/>
</engineerTo>
<useDomainConstraints>false</useDomainConstraints>
<use>1</use>
<logicalDatatype>LOGDT024</logicalDatatype>
<dataTypeSize>50</dataTypeSize>
<ownDataTypeParameters>50,,</ownDataTypeParameters>
</Attribute>
<Attribute name="owner_phone_number" id="6AE7ED31-2EEB-F014-3ACF-34EA5EE12DE2">
<createdBy>harshath</createdBy>
<createdTime>2023-04-29 08:37:27 UTC</createdTime>
<commentInRDBMS><![CDATA[Owner Phone Number]]></commentInRDBMS>
<ownerDesignName>cui_logicalmodel</ownerDesignName>
<engineerTo>
<item key="8EED4F6A-4249-513B-26FF-1D134DF4C44A" value="true"/>
</engineerTo>
<useDomainConstraints>false</useDomainConstraints>
<use>1</use>
<logicalDatatype>LOGDT025</logicalDatatype>
<dataTypeSize>10</dataTypeSize>
<ownDataTypeParameters>10,,</ownDataTypeParameters>
</Attribute>
</attributes>
<identifiers itemClass="oracle.dbtools.crest.model.design.logical.CandidateKey">
<identifier id="3BBDCFF7-C4E4-396C-41BA-6249985C8D31" name="OWNER PK">
<createdBy>harshath</createdBy>
<createdTime>2023-04-29 08:36:34 UTC</createdTime>
<ownerDesignName>cui_logicalmodel</ownerDesignName>
<shouldEngineer>false</shouldEngineer>
<engineerTo>
<item key="8EED4F6A-4249-513B-26FF-1D134DF4C44A" value="false"/>
</engineerTo>
<pk>true</pk>
<usedAttributes>
<attributeRef>ADA3A370-225B-051F-17A0-8CF9D04792AA</attributeRef>
</usedAttributes>
</identifier>
</identifiers>
</Entity>
