<?xml version = '1.0' encoding = 'UTF-8'?>
<Entity class="oracle.dbtools.crest.model.design.logical.Entity" directorySegmentName="seg_0" id="8AF26BA2-5D98-AF03-A068-A0B023DCCD62" name="CONTRACT_WASTE_TYPE">
<createdBy>xyoun</createdBy>
<createdTime>2023-04-30 07:19:32 UTC</createdTime>
<ownerDesignName>cui_logicalmodel</ownerDesignName>
<engineerTo>
<item key="8EED4F6A-4249-513B-26FF-1D134DF4C44A" value="true"/>
</engineerTo>
<adequatelyNormalized>NO</adequatelyNormalized>
<expectedVolumes>0</expectedVolumes>
<fwdEngineeringStrategyName>Single Table</fwdEngineeringStrategyName>
<growthPercent>0</growthPercent>
<growthType>Year</growthType>
<maxVolumes>9999999</maxVolumes>
<minVolumes>0</minVolumes>
<normalForm>Third</normalForm>
<attributes itemClass="oracle.dbtools.crest.model.design.logical.Attribute">
<Attribute name="cwt_id" id="ACEFEC82-F8F4-E6E5-315F-C0F40CB080FF">
<createdBy>xyoun</createdBy>
<createdTime>2023-05-01 10:41:51 UTC</createdTime>
<commentInRDBMS><![CDATA[contract waste type surrogate key]]></commentInRDBMS>
<ownerDesignName>cui_logicalmodel</ownerDesignName>
<engineerTo>
<item key="8EED4F6A-4249-513B-26FF-1D134DF4C44A" value="true"/>
</engineerTo>
<useDomainConstraints>false</useDomainConstraints>
<use>1</use>
<logicalDatatype>LOGDT019</logicalDatatype>
<dataTypePrecision>10</dataTypePrecision>
<ownDataTypeParameters>,10,</ownDataTypeParameters>
</Attribute>
<Attribute name="contract_no" id="2F230EC6-92D8-0D6E-C4F9-D01009CED42B">
<createdBy>xyoun</createdBy>
<createdTime>2023-04-30 07:30:24 UTC</createdTime>
<commentInRDBMS><![CDATA[Contract Number]]></commentInRDBMS>
<generatorID>86A03B54-650F-6B89-B05C-0EA6BD47CA32</generatorID>
<ownerDesignName>cui_logicalmodel</ownerDesignName>
<engineerTo>
<item key="8EED4F6A-4249-513B-26FF-1D134DF4C44A" value="true"/>
</engineerTo>
<referedAttribute>5E980062-6D61-7FDD-46F9-18D290EC94D9</referedAttribute>
<useDomainConstraints>false</useDomainConstraints>
<use>1</use>
<logicalDatatype>LOGDT019</logicalDatatype>
<dataTypePrecision>10</dataTypePrecision>
<ownDataTypeParameters>,,</ownDataTypeParameters>
</Attribute>
<Attribute name="waste_type_id" id="A88FD76C-183B-DC12-5B0E-02411C285DCB">
<createdBy>xyoun</createdBy>
<createdTime>2023-04-30 07:32:08 UTC</createdTime>
<commentInRDBMS><![CDATA[type of waste 

not constained to green waste, landfill, standard recycle and glass so that company can easily add new types of waste for each authority]]></commentInRDBMS>
<generatorID>6E98A7ED-E846-F131-E9FD-94868D4847EE</generatorID>
<ownerDesignName>cui_logicalmodel</ownerDesignName>
<engineerTo>
<item key="8EED4F6A-4249-513B-26FF-1D134DF4C44A" value="true"/>
</engineerTo>
<referedAttribute>909B1B20-7BF3-9B18-7002-8EF963A5B693</referedAttribute>
<useDomainConstraints>false</useDomainConstraints>
<use>1</use>
<logicalDatatype>LOGDT024</logicalDatatype>
<dataTypeSize>50 CHAR</dataTypeSize>
<ownDataTypeParameters>,,</ownDataTypeParameters>
</Attribute>
<Attribute name="cwt_collection_cost" id="2F3B268F-B698-384C-582B-4BE24CFA8A40">
<createdBy>xyoun</createdBy>
<createdTime>2023-04-30 07:20:29 UTC</createdTime>
<commentInRDBMS><![CDATA[collection cost in dollars per kilogram]]></commentInRDBMS>
<ownerDesignName>cui_logicalmodel</ownerDesignName>
<engineerTo>
<item key="8EED4F6A-4249-513B-26FF-1D134DF4C44A" value="true"/>
</engineerTo>
<useDomainConstraints>false</useDomainConstraints>
<use>1</use>
<logicalDatatype>LOGDT019</logicalDatatype>
<dataTypePrecision>10</dataTypePrecision>
<dataTypeScale>2</dataTypeScale>
<ownDataTypeParameters>,10,2</ownDataTypeParameters>
</Attribute>
<Attribute name="cwt_collection_frequency" id="0DED9E3A-57CB-4502-A564-C530E10AF82A">
<createdBy>harshath</createdBy>
<createdTime>2023-04-30 08:11:14 UTC</createdTime>
<commentInRDBMS><![CDATA[Contract Waste Type Collection Frequency

cwt_collection_frequency constrains to Weekly, Fortnightly and Monthly]]></commentInRDBMS>
<ownerDesignName>cui_logicalmodel</ownerDesignName>
<engineerTo>
<item key="8EED4F6A-4249-513B-26FF-1D134DF4C44A" value="true"/>
</engineerTo>
<constraintName>cwt_collection_frequency</constraintName>
<useDomainConstraints>false</useDomainConstraints>
<use>1</use>
<logicalDatatype>LOGDT024</logicalDatatype>
<dataTypeSize>50</dataTypeSize>
<listOfValues>
<valueDef value="Fortnightly" description="F"/>
<valueDef value="Monthly" description="M"/>
<valueDef value="Weekly" description="W"/>
</listOfValues>
<ownDataTypeParameters>50,,</ownDataTypeParameters>
</Attribute>
</attributes>
<identifiers itemClass="oracle.dbtools.crest.model.design.logical.CandidateKey">
<identifier id="AA1DC10E-F62E-C0DE-52AF-8F0F45630CC3" name="CONTRACT_WASTE_TYPE PK">
<createdBy>xyoun</createdBy>
<createdTime>2023-04-30 07:19:55 UTC</createdTime>
<ownerDesignName>cui_logicalmodel</ownerDesignName>
<shouldEngineer>false</shouldEngineer>
<engineerTo>
<item key="8EED4F6A-4249-513B-26FF-1D134DF4C44A" value="false"/>
</engineerTo>
<pk>true</pk>
<usedAttributes>
<attributeRef>ACEFEC82-F8F4-E6E5-315F-C0F40CB080FF</attributeRef>
</usedAttributes>
</identifier>
<identifier id="84FBAE9C-1801-4A99-F3B8-C9EE34F8203E" name="contract_waste_type_NK">
<createdBy>xyoun</createdBy>
<createdTime>2023-05-01 10:50:58 UTC</createdTime>
<ownerDesignName>cui_logicalmodel</ownerDesignName>
<shouldEngineer>false</shouldEngineer>
<engineerTo>
<item key="8EED4F6A-4249-513B-26FF-1D134DF4C44A" value="false"/>
</engineerTo>
<newElementsIDs>A88FD76C-183B-DC12-5B0E-02411C285DCB,2F230EC6-92D8-0D6E-C4F9-D01009CED42B</newElementsIDs>
<usedAttributes>
<attributeRef>A88FD76C-183B-DC12-5B0E-02411C285DCB</attributeRef>
<attributeRef>2F230EC6-92D8-0D6E-C4F9-D01009CED42B</attributeRef>
</usedAttributes>
</identifier>
</identifiers>
</Entity>
