<?xml version = '1.0' encoding = 'UTF-8'?>
<Entity class="oracle.dbtools.crest.model.design.logical.Entity" directorySegmentName="seg_0" id="B59C3915-F01E-A347-B4BB-4178DFFCFAED" name="PROPERTY">
<createdBy>harshath</createdBy>
<createdTime>2023-04-29 08:25:57 UTC</createdTime>
<ownerDesignName>cui_logicalmodel</ownerDesignName>
<engineerTo>
<item key="8EED4F6A-4249-513B-26FF-1D134DF4C44A" value="true"/>
</engineerTo>
<adequatelyNormalized>NO</adequatelyNormalized>
<expectedVolumes>0</expectedVolumes>
<fwdEngineeringStrategyName>Single Table</fwdEngineeringStrategyName>
<growthPercent>0</growthPercent>
<growthType>Year</growthType>
<maxVolumes>9999999</maxVolumes>
<minVolumes>0</minVolumes>
<normalForm>Third</normalForm>
<attributes itemClass="oracle.dbtools.crest.model.design.logical.Attribute">
<Attribute name="property_street_no" id="41805B84-7A37-1CAD-BC56-AEFEE593A47A">
<createdBy>harshath</createdBy>
<createdTime>2023-04-29 08:26:28 UTC</createdTime>
<commentInRDBMS><![CDATA[Property Street Number]]></commentInRDBMS>
<ownerDesignName>cui_logicalmodel</ownerDesignName>
<engineerTo>
<item key="8EED4F6A-4249-513B-26FF-1D134DF4C44A" value="true"/>
</engineerTo>
<useDomainConstraints>false</useDomainConstraints>
<use>1</use>
<logicalDatatype>LOGDT019</logicalDatatype>
<dataTypePrecision>10</dataTypePrecision>
<ownDataTypeParameters>,10,</ownDataTypeParameters>
</Attribute>
<Attribute name="street_id" id="6DCA126F-C03C-81D3-3FC8-51B2C0FF9A3F">
<createdBy>xyoun</createdBy>
<createdTime>2023-04-30 07:37:20 UTC</createdTime>
<commentInRDBMS><![CDATA[Street ID]]></commentInRDBMS>
<generatorID>F40898F7-18A7-E05F-AF50-E993F4C05F15</generatorID>
<ownerDesignName>cui_logicalmodel</ownerDesignName>
<engineerTo>
<item key="8EED4F6A-4249-513B-26FF-1D134DF4C44A" value="true"/>
</engineerTo>
<referedAttribute>5D8DF63D-A7BB-2559-149E-6A7365A677A3</referedAttribute>
<useDomainConstraints>false</useDomainConstraints>
<use>1</use>
<logicalDatatype>LOGDT019</logicalDatatype>
<ownDataTypeParameters>,,</ownDataTypeParameters>
</Attribute>
<Attribute name="auth_name" id="ABAB5D37-D72C-A62A-8D19-84A271FFD88F">
<createdBy>xyoun</createdBy>
<createdTime>2023-04-30 07:37:20 UTC</createdTime>
<commentInRDBMS><![CDATA[Authority Name]]></commentInRDBMS>
<generatorID>F40898F7-18A7-E05F-AF50-E993F4C05F15</generatorID>
<ownerDesignName>cui_logicalmodel</ownerDesignName>
<engineerTo>
<item key="8EED4F6A-4249-513B-26FF-1D134DF4C44A" value="true"/>
</engineerTo>
<referedAttribute>BB17A2F5-5B94-9796-39FB-2C2157DFBAAA</referedAttribute>
<useDomainConstraints>false</useDomainConstraints>
<use>1</use>
<logicalDatatype>LOGDT024</logicalDatatype>
<dataTypeSize>50</dataTypeSize>
<ownDataTypeParameters>50,,</ownDataTypeParameters>
</Attribute>
</attributes>
<identifiers itemClass="oracle.dbtools.crest.model.design.logical.CandidateKey">
<identifier id="A4D01E75-0260-D7A7-53A7-90982CA10E18" name="PROPERTY PK">
<createdBy>harshath</createdBy>
<createdTime>2023-04-29 08:26:14 UTC</createdTime>
<ownerDesignName>cui_logicalmodel</ownerDesignName>
<shouldEngineer>false</shouldEngineer>
<engineerTo>
<item key="8EED4F6A-4249-513B-26FF-1D134DF4C44A" value="false"/>
</engineerTo>
<pk>true</pk>
<usedAttributes>
<attributeRef>41805B84-7A37-1CAD-BC56-AEFEE593A47A</attributeRef>
<attributeRef>6DCA126F-C03C-81D3-3FC8-51B2C0FF9A3F</attributeRef>
<attributeRef>ABAB5D37-D72C-A62A-8D19-84A271FFD88F</attributeRef>
</usedAttributes>
</identifier>
</identifiers>
</Entity>
