<?xml version = '1.0' encoding = 'UTF-8'?>
<Entity class="oracle.dbtools.crest.model.design.logical.Entity" directorySegmentName="seg_0" id="C1D31A27-DFEA-41AC-23C8-A314141FADE5" name="BIN">
<createdBy>xyoun</createdBy>
<createdTime>2023-04-30 07:14:31 UTC</createdTime>
<ownerDesignName>cui_logicalmodel</ownerDesignName>
<engineerTo>
<item key="8EED4F6A-4249-513B-26FF-1D134DF4C44A" value="true"/>
</engineerTo>
<adequatelyNormalized>NO</adequatelyNormalized>
<expectedVolumes>0</expectedVolumes>
<fwdEngineeringStrategyName>Single Table</fwdEngineeringStrategyName>
<growthPercent>0</growthPercent>
<growthType>Year</growthType>
<maxVolumes>9999999</maxVolumes>
<minVolumes>0</minVolumes>
<normalForm>Third</normalForm>
<attributes itemClass="oracle.dbtools.crest.model.design.logical.Attribute">
<Attribute name="bin_id" id="B139C716-5005-ED16-D81A-B35FFD38DD75">
<createdBy>xyoun</createdBy>
<createdTime>2023-05-01 10:40:50 UTC</createdTime>
<commentInRDBMS><![CDATA[bin surrogate key]]></commentInRDBMS>
<ownerDesignName>cui_logicalmodel</ownerDesignName>
<engineerTo>
<item key="8EED4F6A-4249-513B-26FF-1D134DF4C44A" value="true"/>
</engineerTo>
<useDomainConstraints>false</useDomainConstraints>
<use>1</use>
<logicalDatatype>LOGDT019</logicalDatatype>
<dataTypePrecision>10</dataTypePrecision>
<ownDataTypeParameters>,10,</ownDataTypeParameters>
</Attribute>
<Attribute name="bin_size" id="8779BA2B-9373-9D39-4490-3089D93BD35A">
<createdBy>xyoun</createdBy>
<createdTime>2023-04-30 07:15:00 UTC</createdTime>
<commentInRDBMS><![CDATA[size of bin in Liters]]></commentInRDBMS>
<ownerDesignName>cui_logicalmodel</ownerDesignName>
<engineerTo>
<item key="8EED4F6A-4249-513B-26FF-1D134DF4C44A" value="true"/>
</engineerTo>
<useDomainConstraints>false</useDomainConstraints>
<use>1</use>
<logicalDatatype>LOGDT019</logicalDatatype>
<dataTypePrecision>10</dataTypePrecision>
<ownDataTypeParameters>,10,</ownDataTypeParameters>
</Attribute>
<Attribute name="waste_type_id" id="FF173409-45E8-0768-C541-A0225D6E5DC2">
<createdBy>harshath</createdBy>
<createdTime>2023-05-01 07:51:20 UTC</createdTime>
<commentInRDBMS><![CDATA[type of waste 

not constained to green waste, landfill, standard recycle and glass so that company can easily add new types of waste for each authority]]></commentInRDBMS>
<generatorID>6F77E9EE-4BB3-BA76-D2BE-46F544006D87</generatorID>
<ownerDesignName>cui_logicalmodel</ownerDesignName>
<engineerTo>
<item key="8EED4F6A-4249-513B-26FF-1D134DF4C44A" value="true"/>
</engineerTo>
<referedAttribute>909B1B20-7BF3-9B18-7002-8EF963A5B693</referedAttribute>
<useDomainConstraints>false</useDomainConstraints>
<use>1</use>
<logicalDatatype>LOGDT024</logicalDatatype>
<dataTypeSize>50 CHAR</dataTypeSize>
<ownDataTypeParameters>,,</ownDataTypeParameters>
</Attribute>
<Attribute name="bin_standard_supply_cost" id="D9A3D4CC-C164-3A8B-CE5F-0B97C118BDFB">
<createdBy>xyoun</createdBy>
<createdTime>2023-04-30 07:15:20 UTC</createdTime>
<commentInRDBMS><![CDATA[Standard supply cost of a bin in dollars]]></commentInRDBMS>
<ownerDesignName>cui_logicalmodel</ownerDesignName>
<engineerTo>
<item key="8EED4F6A-4249-513B-26FF-1D134DF4C44A" value="true"/>
</engineerTo>
<useDomainConstraints>false</useDomainConstraints>
<use>1</use>
<logicalDatatype>LOGDT019</logicalDatatype>
<dataTypePrecision>10</dataTypePrecision>
<dataTypeScale>2</dataTypeScale>
<ownDataTypeParameters>,10,2</ownDataTypeParameters>
</Attribute>
</attributes>
<identifiers itemClass="oracle.dbtools.crest.model.design.logical.CandidateKey">
<identifier id="977A7C48-C031-DF4E-892C-BFF7FC8B1AEE" name="BIN PK">
<createdBy>xyoun</createdBy>
<createdTime>2023-04-30 07:14:50 UTC</createdTime>
<ownerDesignName>cui_logicalmodel</ownerDesignName>
<shouldEngineer>false</shouldEngineer>
<engineerTo>
<item key="8EED4F6A-4249-513B-26FF-1D134DF4C44A" value="false"/>
</engineerTo>
<pk>true</pk>
<usedAttributes>
<attributeRef>B139C716-5005-ED16-D81A-B35FFD38DD75</attributeRef>
</usedAttributes>
</identifier>
<identifier id="C8778501-65B0-0FDB-34F4-D8570308E97D" name="BIN_NK">
<createdBy>xyoun</createdBy>
<createdTime>2023-05-01 10:49:16 UTC</createdTime>
<ownerDesignName>cui_logicalmodel</ownerDesignName>
<shouldEngineer>false</shouldEngineer>
<engineerTo>
<item key="8EED4F6A-4249-513B-26FF-1D134DF4C44A" value="false"/>
</engineerTo>
<newElementsIDs>8779BA2B-9373-9D39-4490-3089D93BD35A,FF173409-45E8-0768-C541-A0225D6E5DC2</newElementsIDs>
<usedAttributes>
<attributeRef>8779BA2B-9373-9D39-4490-3089D93BD35A</attributeRef>
<attributeRef>FF173409-45E8-0768-C541-A0225D6E5DC2</attributeRef>
</usedAttributes>
</identifier>
</identifiers>
</Entity>
