<?xml version = '1.0' encoding = 'UTF-8'?>
<Entity class="oracle.dbtools.crest.model.design.logical.Entity" directorySegmentName="seg_0" id="E9B688FD-A12E-72A4-1AB7-57FD262216E6" name="COLLECTION_ROUTE">
<createdBy>harshath</createdBy>
<createdTime>2023-04-30 08:20:41 UTC</createdTime>
<ownerDesignName>cui_logicalmodel</ownerDesignName>
<engineerTo>
<item key="8EED4F6A-4249-513B-26FF-1D134DF4C44A" value="true"/>
</engineerTo>
<adequatelyNormalized>NO</adequatelyNormalized>
<expectedVolumes>0</expectedVolumes>
<fwdEngineeringStrategyName>Single Table</fwdEngineeringStrategyName>
<growthPercent>0</growthPercent>
<growthType>Year</growthType>
<maxVolumes>9999999</maxVolumes>
<minVolumes>0</minVolumes>
<normalForm>Third</normalForm>
<attributes itemClass="oracle.dbtools.crest.model.design.logical.Attribute">
<Attribute name="collection_date" id="0F2012FC-CE5C-3EE5-68AB-D6CF985B52B5">
<createdBy>harshath</createdBy>
<createdTime>2023-04-30 08:20:54 UTC</createdTime>
<commentInRDBMS><![CDATA[Collection Date]]></commentInRDBMS>
<ownerDesignName>cui_logicalmodel</ownerDesignName>
<engineerTo>
<item key="8EED4F6A-4249-513B-26FF-1D134DF4C44A" value="true"/>
</engineerTo>
<useDomainConstraints>false</useDomainConstraints>
<use>1</use>
<logicalDatatype>LOGDT007</logicalDatatype>
<ownDataTypeParameters>,,</ownDataTypeParameters>
</Attribute>
<Attribute name="contract_no" id="B429B226-CE66-1949-9E61-028AE944B3E6">
<createdBy>harshath</createdBy>
<createdTime>2023-04-30 08:29:08 UTC</createdTime>
<commentInRDBMS><![CDATA[Contract Number]]></commentInRDBMS>
<generatorID>5BC1132E-0E14-C5F8-416E-0D035EC35832</generatorID>
<ownerDesignName>cui_logicalmodel</ownerDesignName>
<engineerTo>
<item key="8EED4F6A-4249-513B-26FF-1D134DF4C44A" value="true"/>
</engineerTo>
<referedAttribute>5E980062-6D61-7FDD-46F9-18D290EC94D9</referedAttribute>
<useDomainConstraints>false</useDomainConstraints>
<use>1</use>
<logicalDatatype>LOGDT019</logicalDatatype>
<dataTypePrecision>10</dataTypePrecision>
<ownDataTypeParameters>,10,</ownDataTypeParameters>
</Attribute>
<Attribute name="truck_vin" id="A83AC0F9-4DD1-FD21-4D09-E6691F9A78CA">
<createdBy>harshath</createdBy>
<createdTime>2023-04-30 08:33:05 UTC</createdTime>
<commentInRDBMS><![CDATA[Truck VIN]]></commentInRDBMS>
<generatorID>D31D9F10-9DEA-A44F-4DE3-AEE351AE4CE4</generatorID>
<ownerDesignName>cui_logicalmodel</ownerDesignName>
<engineerTo>
<item key="8EED4F6A-4249-513B-26FF-1D134DF4C44A" value="true"/>
</engineerTo>
<referedAttribute>D03CEA71-E11D-C962-4330-76D7F5678F63</referedAttribute>
<useDomainConstraints>false</useDomainConstraints>
<use>1</use>
<logicalDatatype>LOGDT025</logicalDatatype>
<dataTypeSize>17</dataTypeSize>
<ownDataTypeParameters>17,,</ownDataTypeParameters>
</Attribute>
<Attribute name="driver_no" id="AE17576F-A849-5187-4B9F-D56546A42F53">
<createdBy>harshath</createdBy>
<createdTime>2023-04-30 08:33:43 UTC</createdTime>
<commentInRDBMS><![CDATA[Driver Number]]></commentInRDBMS>
<generatorID>C91E16C7-686D-48E3-55C7-402A21B3444F</generatorID>
<ownerDesignName>cui_logicalmodel</ownerDesignName>
<engineerTo>
<item key="8EED4F6A-4249-513B-26FF-1D134DF4C44A" value="true"/>
</engineerTo>
<referedAttribute>C76D0DDF-6D08-DABF-AA36-D0B3240B3260</referedAttribute>
<useDomainConstraints>false</useDomainConstraints>
<use>1</use>
<logicalDatatype>LOGDT019</logicalDatatype>
<dataTypePrecision>10</dataTypePrecision>
<ownDataTypeParameters>,10,</ownDataTypeParameters>
</Attribute>
</attributes>
<identifiers itemClass="oracle.dbtools.crest.model.design.logical.CandidateKey">
<identifier id="0CF5C2DC-14F0-B2CC-043A-1E4E1E7E0D0A" name="COLLECTION_ROUTE PK">
<createdBy>harshath</createdBy>
<createdTime>2023-04-30 08:21:04 UTC</createdTime>
<ownerDesignName>cui_logicalmodel</ownerDesignName>
<shouldEngineer>false</shouldEngineer>
<engineerTo>
<item key="8EED4F6A-4249-513B-26FF-1D134DF4C44A" value="false"/>
</engineerTo>
<pk>true</pk>
<usedAttributes>
<attributeRef>0F2012FC-CE5C-3EE5-68AB-D6CF985B52B5</attributeRef>
<attributeRef>B429B226-CE66-1949-9E61-028AE944B3E6</attributeRef>
</usedAttributes>
</identifier>
</identifiers>
</Entity>
