<?xml version = '1.0' encoding = 'UTF-8'?>
<Relation class="oracle.dbtools.crest.model.design.logical.Relation" name="bin_collection_made" directorySegmentName="seg_0" id="13E87367-607C-A06D-4490-05828465F517">
<createdBy>harshath</createdBy>
<createdTime>2023-04-30 08:31:21 UTC</createdTime>
<ownerDesignName>cui_logicalmodel</ownerDesignName>
<engineerTo>
<item key="8EED4F6A-4249-513B-26FF-1D134DF4C44A" value="true"/>
</engineerTo>
<sourcePk>F2B41BEB-EA5F-9D99-CBC8-ACACB69599CB</sourcePk>
<identifying>true</identifying>
<nameOnSource> </nameOnSource>
<nameOnTarget>picks up </nameOnTarget>
<optionalSource>true</optionalSource>
<optionalTarget>false</optionalTarget>
<sourceCardinality>1</sourceCardinality>
<sourceEntity>4538080E-3AD5-AE5B-2E1F-D7A54D8E264F</sourceEntity>
<targetCardinalityString>*</targetCardinalityString>
<targetEntity>191AE54E-A883-E35E-1B0D-5DB297FEACCB</targetEntity>
<transferable>true</transferable>
<deleteRule>NO ACTION</deleteRule>
</Relation>
