<?xml version = '1.0' encoding = 'UTF-8'?>
<Relation class="oracle.dbtools.crest.model.design.logical.Relation" name="bin_bin_property" directorySegmentName="seg_0" id="28E91984-8017-9689-6DB7-339F3F10B85D">
<createdBy>xyoun</createdBy>
<createdTime>2023-04-30 07:36:37 UTC</createdTime>
<ownerDesignName>cui_logicalmodel</ownerDesignName>
<engineerTo>
<item key="8EED4F6A-4249-513B-26FF-1D134DF4C44A" value="true"/>
</engineerTo>
<sourcePk>977A7C48-C031-DF4E-892C-BFF7FC8B1AEE</sourcePk>
<identifying>false</identifying>
<nameOnSource> </nameOnSource>
<nameOnTarget>is of type</nameOnTarget>
<optionalSource>true</optionalSource>
<optionalTarget>false</optionalTarget>
<sourceCardinality>1</sourceCardinality>
<sourceEntity>C1D31A27-DFEA-41AC-23C8-A314141FADE5</sourceEntity>
<targetCardinalityString>*</targetCardinalityString>
<targetEntity>4538080E-3AD5-AE5B-2E1F-D7A54D8E264F</targetEntity>
<transferable>true</transferable>
<deleteRule>NO ACTION</deleteRule>
</Relation>
