<?xml version = '1.0' encoding = 'UTF-8'?>
<Relation class="oracle.dbtools.crest.model.design.logical.Relation" name="property_property_ownerv2" directorySegmentName="seg_0" id="2C0F3930-A26C-3107-8D95-8B910BA9187D">
<createdBy>xyoun</createdBy>
<createdTime>2023-04-30 07:33:06 UTC</createdTime>
<ownerDesignName>cui_logicalmodel</ownerDesignName>
<engineerTo>
<item key="8EED4F6A-4249-513B-26FF-1D134DF4C44A" value="true"/>
</engineerTo>
<sourcePk>A4D01E75-0260-D7A7-53A7-90982CA10E18</sourcePk>
<identifying>false</identifying>
<nameOnSource>uses</nameOnSource>
<nameOnTarget> </nameOnTarget>
<optionalSource>true</optionalSource>
<optionalTarget>false</optionalTarget>
<sourceCardinality>1</sourceCardinality>
<sourceEntity>B59C3915-F01E-A347-B4BB-4178DFFCFAED</sourceEntity>
<targetCardinalityString>*</targetCardinalityString>
<targetEntity>4538080E-3AD5-AE5B-2E1F-D7A54D8E264F</targetEntity>
<transferable>true</transferable>
<deleteRule>NO ACTION</deleteRule>
</Relation>
