<?xml version = '1.0' encoding = 'UTF-8'?>
<Relation class="oracle.dbtools.crest.model.design.logical.Relation" name="truck_truck_driver" directorySegmentName="seg_0" id="5A656B8C-5D58-C7BA-FAAF-CAAEFD3586E1">
<createdBy>harshath</createdBy>
<createdTime>2023-04-30 08:35:34 UTC</createdTime>
<ownerDesignName>cui_logicalmodel</ownerDesignName>
<engineerTo>
<item key="8EED4F6A-4249-513B-26FF-1D134DF4C44A" value="true"/>
</engineerTo>
<sourcePk>EDEC39D8-C70C-6DEA-A1A5-E66741DDE8FA</sourcePk>
<identifying>true</identifying>
<nameOnSource> </nameOnSource>
<nameOnTarget> is driven by</nameOnTarget>
<optionalSource>true</optionalSource>
<optionalTarget>false</optionalTarget>
<sourceCardinality>1</sourceCardinality>
<sourceEntity>5EC16C62-4AC8-7E0F-29E1-C8C52D5B2B8F</sourceEntity>
<targetCardinalityString>*</targetCardinalityString>
<targetEntity>DEF978AD-B312-A935-648F-B2E783E54E15</targetEntity>
<transferable>true</transferable>
<deleteRule>NO ACTION</deleteRule>
</Relation>
