<?xml version = '1.0' encoding = 'UTF-8'?>
<Relation class="oracle.dbtools.crest.model.design.logical.Relation" name="authority_street" directorySegmentName="seg_0" id="617B788C-22F5-C4C3-C2A9-72D79EBF5AA2">
<createdBy>xyoun</createdBy>
<createdTime>2023-04-30 07:29:18 UTC</createdTime>
<ownerDesignName>cui_logicalmodel</ownerDesignName>
<engineerTo>
<item key="8EED4F6A-4249-513B-26FF-1D134DF4C44A" value="true"/>
</engineerTo>
<sourcePk>8C41FDC8-AABF-EBEE-5982-57AD5C88DC15</sourcePk>
<identifying>true</identifying>
<nameOnSource>manages</nameOnSource>
<nameOnTarget> </nameOnTarget>
<optionalSource>true</optionalSource>
<optionalTarget>false</optionalTarget>
<sourceCardinality>1</sourceCardinality>
<sourceEntity>4A1EE157-6F9A-1AB6-DF32-91C633C0BF09</sourceEntity>
<targetCardinalityString>*</targetCardinalityString>
<targetEntity>ADAD288D-28EF-07DA-C25E-5193095D79D4</targetEntity>
<transferable>true</transferable>
<deleteRule>NO ACTION</deleteRule>
</Relation>
