<?xml version = '1.0' encoding = 'UTF-8'?>
<Relation class="oracle.dbtools.crest.model.design.logical.Relation" name="waste_type_contract_waste_type" directorySegmentName="seg_0" id="6E98A7ED-E846-F131-E9FD-94868D4847EE">
<createdBy>xyoun</createdBy>
<createdTime>2023-04-30 07:32:08 UTC</createdTime>
<ownerDesignName>cui_logicalmodel</ownerDesignName>
<engineerTo>
<item key="8EED4F6A-4249-513B-26FF-1D134DF4C44A" value="true"/>
</engineerTo>
<sourcePk>4A8D7BA0-D300-90C3-234E-413B2B5D3C26</sourcePk>
<identifying>false</identifying>
<nameOnSource> </nameOnSource>
<nameOnTarget>has a</nameOnTarget>
<optionalSource>true</optionalSource>
<optionalTarget>false</optionalTarget>
<sourceCardinality>1</sourceCardinality>
<sourceEntity>D8AE0731-F244-4FBE-94DA-528B7592C568</sourceEntity>
<targetCardinalityString>*</targetCardinalityString>
<targetEntity>8AF26BA2-5D98-AF03-A068-A0B023DCCD62</targetEntity>
<transferable>true</transferable>
<deleteRule>NO ACTION</deleteRule>
</Relation>
