<?xml version = '1.0' encoding = 'UTF-8'?>
<Relation class="oracle.dbtools.crest.model.design.logical.Relation" name="WASTE_TYPE_BIN" directorySegmentName="seg_0" id="6F77E9EE-4BB3-BA76-D2BE-46F544006D87">
<createdBy>harshath</createdBy>
<createdTime>2023-05-01 07:51:20 UTC</createdTime>
<ownerDesignName>cui_logicalmodel</ownerDesignName>
<engineerTo>
<item key="8EED4F6A-4249-513B-26FF-1D134DF4C44A" value="true"/>
</engineerTo>
<sourcePk>4A8D7BA0-D300-90C3-234E-413B2B5D3C26</sourcePk>
<identifying>false</identifying>
<nameOnSource>is for a</nameOnSource>
<nameOnTarget> </nameOnTarget>
<optionalSource>true</optionalSource>
<optionalTarget>false</optionalTarget>
<sourceCardinality>1</sourceCardinality>
<sourceEntity>D8AE0731-F244-4FBE-94DA-528B7592C568</sourceEntity>
<targetCardinalityString>*</targetCardinalityString>
<targetEntity>C1D31A27-DFEA-41AC-23C8-A314141FADE5</targetEntity>
<transferable>true</transferable>
<deleteRule>NO ACTION</deleteRule>
</Relation>
