<?xml version = '1.0' encoding = 'UTF-8'?>
<Relation class="oracle.dbtools.crest.model.design.logical.Relation" name="contract_contract_waste_type" directorySegmentName="seg_0" id="86A03B54-650F-6B89-B05C-0EA6BD47CA32">
<createdBy>xyoun</createdBy>
<createdTime>2023-04-30 07:30:24 UTC</createdTime>
<ownerDesignName>cui_logicalmodel</ownerDesignName>
<engineerTo>
<item key="8EED4F6A-4249-513B-26FF-1D134DF4C44A" value="true"/>
</engineerTo>
<sourcePk>9E540C1D-2028-ECFB-C039-592CA30A5DC0</sourcePk>
<identifying>false</identifying>
<nameOnSource>consists of</nameOnSource>
<nameOnTarget> </nameOnTarget>
<optionalSource>false</optionalSource>
<optionalTarget>false</optionalTarget>
<sourceCardinality>1</sourceCardinality>
<sourceEntity>F6572BF1-C064-DD71-DEA3-28D08F2997C1</sourceEntity>
<targetCardinalityString>*</targetCardinalityString>
<targetEntity>8AF26BA2-5D98-AF03-A068-A0B023DCCD62</targetEntity>
<transferable>true</transferable>
<deleteRule>NO ACTION</deleteRule>
</Relation>
