<?xml version = '1.0' encoding = 'UTF-8'?>
<Relation class="oracle.dbtools.crest.model.design.logical.Relation" name="driver_collection_route" directorySegmentName="seg_0" id="C91E16C7-686D-48E3-55C7-402A21B3444F">
<createdBy>harshath</createdBy>
<createdTime>2023-04-30 08:33:43 UTC</createdTime>
<ownerDesignName>cui_logicalmodel</ownerDesignName>
<engineerTo>
<item key="8EED4F6A-4249-513B-26FF-1D134DF4C44A" value="true"/>
</engineerTo>
<sourcePk>F8D4F285-30EF-59BD-740D-B425D5212E6D</sourcePk>
<identifying>false</identifying>
<nameOnSource> </nameOnSource>
<nameOnTarget>completes a</nameOnTarget>
<optionalSource>true</optionalSource>
<optionalTarget>false</optionalTarget>
<sourceCardinality>1</sourceCardinality>
<sourceEntity>9227661B-67AB-FCB7-0484-7EB7599557EF</sourceEntity>
<targetCardinalityString>*</targetCardinalityString>
<targetEntity>E9B688FD-A12E-72A4-1AB7-57FD262216E6</targetEntity>
<transferable>true</transferable>
<deleteRule>NO ACTION</deleteRule>
</Relation>
