<?xml version = '1.0' encoding = 'UTF-8'?>
<Diagram class="oracle.dbtools.crest.swingui.relational.DPVRelational" name="Relational_1" id="6526F640-58A7-7D50-3A05-89FAF3BC471D">
<createdBy>harshath</createdBy>
<modifiedBy>harshath</modifiedBy>
<createdTime>2023-04-29 08:34:29 UTC</createdTime>
<autoRoute>false</autoRoute>
<boxInbox>true</boxInbox>
<showLegend>false</showLegend>
<showLabels>false</showLabels>
<showRelAttributes>false</showRelAttributes>
<gridEnabled>false</gridEnabled>
<showGrid>false</showGrid>
<diagramColor>-1</diagramColor>
<display>false</display>
<notation>1</notation>
<objectViews>
<OView class="oracle.dbtools.crest.swingui.relational.TVTable" oid="08B467B7-C406-2BFA-936B-57456D40420C" otype="Table" vid="4023B124-3D0C-878A-6DDF-9DC2A9D2B806">
<hideElementsInCurrentOnly>false</hideElementsInCurrentOnly>
<bounds x="98" y="399" width="170" height="111"/>
</OView>
<OView class="oracle.dbtools.crest.swingui.relational.TVTable" oid="28151ABD-EA3F-F37C-6F44-7DCA14CC0638" otype="Table" vid="6D3D5A29-EBEF-CDAA-6B08-303DF0860F44">
<hideElementsInCurrentOnly>false</hideElementsInCurrentOnly>
<bounds x="447" y="423" width="181" height="82"/>
</OView>
<OView class="oracle.dbtools.crest.swingui.relational.TVTable" oid="565781E3-36FF-56E2-73B3-1C0DE03498BF" otype="Table" vid="401BDC0E-BE19-CB70-2602-D79936E16D11">
<hideElementsInCurrentOnly>false</hideElementsInCurrentOnly>
<bounds x="1057" y="873" width="292" height="131"/>
</OView>
<OView class="oracle.dbtools.crest.swingui.relational.TVTable" oid="6E11D57A-50E7-4FE9-91FE-33D1128A8C04" otype="Table" vid="D33963C8-DF0E-8934-A150-1082058C077C">
<hideElementsInCurrentOnly>false</hideElementsInCurrentOnly>
<bounds x="799" y="186" width="355" height="151"/>
</OView>
<OView class="oracle.dbtools.crest.swingui.relational.TVTable" oid="7519A96B-4068-04C2-69EB-3D43A09FD6FE" otype="Table" vid="3CA6722A-DDE8-CAE4-E392-C7A904B7862B">
<hideElementsInCurrentOnly>false</hideElementsInCurrentOnly>
<bounds x="88" y="236" width="208" height="112"/>
</OView>
<OView class="oracle.dbtools.crest.swingui.relational.TVTable" oid="78A7BCA8-7D5A-8B05-38D1-C4D3394DC8C7" otype="Table" vid="45B61E60-81FF-D89D-2D65-724AE3CC21F3">
<hideElementsInCurrentOnly>false</hideElementsInCurrentOnly>
<bounds x="435" y="802" width="376" height="188"/>
</OView>
<OView class="oracle.dbtools.crest.swingui.relational.TVTable" oid="7F300CCC-581D-7A0F-41E2-2602C92C71E4" otype="Table" vid="E260E696-6551-DCFF-5883-87CE874C793C">
<hideElementsInCurrentOnly>false</hideElementsInCurrentOnly>
<bounds x="57" y="589" width="253" height="162"/>
</OView>
<OView class="oracle.dbtools.crest.swingui.relational.TVTable" oid="8121789F-A43C-9633-0622-A3C9BA5DE6A9" otype="Table" vid="56992BF1-3A6B-769D-6F79-F847F05E2855">
<hideElementsInCurrentOnly>false</hideElementsInCurrentOnly>
<bounds x="954" y="398" width="296" height="154"/>
</OView>
<OView class="oracle.dbtools.crest.swingui.relational.TVTable" oid="83232FB1-D238-D558-B3DA-12614F8EB05E" otype="Table" vid="4AA62F4C-EF68-470D-1F04-FC4FC1063BC6">
<hideElementsInCurrentOnly>false</hideElementsInCurrentOnly>
<bounds x="842" y="1072" width="252" height="106"/>
</OView>
<OView class="oracle.dbtools.crest.swingui.relational.TVTable" oid="A96AF239-77BF-64CA-90A9-B8A7CE50F585" otype="Table" vid="50EECB5B-769D-AEBF-0AAC-EC5EE6218A0F">
<hideElementsInCurrentOnly>false</hideElementsInCurrentOnly>
<bounds x="1019" y="637" width="230" height="121"/>
</OView>
<OView class="oracle.dbtools.crest.swingui.relational.TVTable" oid="B645C653-BF39-7D29-BA5C-C3F8E7ADD676" otype="Table" vid="46E615AC-0B89-A5F3-2C20-791C335D9EB7">
<hideElementsInCurrentOnly>false</hideElementsInCurrentOnly>
<bounds x="1311" y="417" width="291" height="82"/>
</OView>
<OView class="oracle.dbtools.crest.swingui.relational.TVTable" oid="BEB679A8-A8A9-281A-23E3-0A491522AC38" otype="Table" vid="ED02C92F-DA4B-EE78-231D-E4C69703E3AA">
<hideElementsInCurrentOnly>false</hideElementsInCurrentOnly>
<bounds x="390" y="221" width="293" height="150"/>
</OView>
<OView class="oracle.dbtools.crest.swingui.relational.TVTable" oid="C09512C6-64C2-6147-20DF-264ED8244E9A" otype="Table" vid="B7D21C47-D5EB-2188-07CE-4B264A00F455">
<hideElementsInCurrentOnly>false</hideElementsInCurrentOnly>
<bounds x="453" y="19" width="256" height="134"/>
</OView>
<OView class="oracle.dbtools.crest.swingui.relational.TVTable" oid="EFCDE672-F32E-1C44-CD92-04A1E64A88E2" otype="Table" vid="1842A92D-C91D-D56C-4BAC-3B791F14FBB1">
<hideElementsInCurrentOnly>false</hideElementsInCurrentOnly>
<bounds x="25" y="1050" width="465" height="134"/>
</OView>
<OView class="oracle.dbtools.crest.swingui.relational.TVTable" oid="F0A79158-ECD7-71A2-EB07-0D5F231A48EC" otype="Table" vid="6315639C-940D-2186-ECE3-AB37164F116F">
<hideElementsInCurrentOnly>false</hideElementsInCurrentOnly>
<bounds x="57" y="842" width="320" height="109"/>
</OView>
<OView class="oracle.dbtools.crest.swingui.relational.TVTable" oid="FFFD639B-B05C-5A9A-1083-6F17A128015A" otype="Table" vid="A48B0142-41D0-C686-248F-B4C4FFA3F58F">
<hideElementsInCurrentOnly>false</hideElementsInCurrentOnly>
<bounds x="89" y="32" width="256" height="129"/>
</OView>
</objectViews>
<connectors>
<Connector class="oracle.dbtools.crest.swingui.relational.TVFKRelation" oid="168FBF40-4AB9-C486-56D8-50996AE13C7C" otype="FKIndexAssociation" vid_source="6D3D5A29-EBEF-CDAA-6B08-303DF0860F44" vid_target="56992BF1-3A6B-769D-6F79-F847F05E2855">
<hideElementsInCurrentOnly>false</hideElementsInCurrentOnly>
<backgroundColor>-16777216</backgroundColor>
<lineWidth>1</lineWidth>
<points>
<point x="628" y="464"/>
<point x="954" y="464"/>
</points>
</Connector>
<Connector class="oracle.dbtools.crest.swingui.relational.TVFKRelation" oid="1AEC84E5-7337-5AD1-1200-EFB28B000BB4" otype="FKIndexAssociation" vid_source="46E615AC-0B89-A5F3-2C20-791C335D9EB7" vid_target="401BDC0E-BE19-CB70-2602-D79936E16D11">
<hideElementsInCurrentOnly>false</hideElementsInCurrentOnly>
<backgroundColor>-16777216</backgroundColor>
<lineWidth>1</lineWidth>
<points>
<point x="1405" y="499"/>
<point x="1405" y="922"/>
<point x="1349" y="922"/>
</points>
</Connector>
<Connector class="oracle.dbtools.crest.swingui.relational.TVFKRelation" oid="1AEF1CD6-6627-AB3D-3CE6-4EFDB29EF110" otype="FKIndexAssociation" vid_source="401BDC0E-BE19-CB70-2602-D79936E16D11" vid_target="50EECB5B-769D-AEBF-0AAC-EC5EE6218A0F">
<hideElementsInCurrentOnly>false</hideElementsInCurrentOnly>
<backgroundColor>-16777216</backgroundColor>
<lineWidth>1</lineWidth>
<points>
<point x="1153" y="873"/>
<point x="1153" y="758"/>
</points>
</Connector>
<Connector class="oracle.dbtools.crest.swingui.relational.TVFKRelation" oid="1D1F816E-E72A-271B-2FEF-77F97E6CDE6A" otype="FKIndexAssociation" vid_source="4023B124-3D0C-878A-6DDF-9DC2A9D2B806" vid_target="6D3D5A29-EBEF-CDAA-6B08-303DF0860F44">
<hideElementsInCurrentOnly>false</hideElementsInCurrentOnly>
<backgroundColor>-16777216</backgroundColor>
<lineWidth>1</lineWidth>
<points>
<point x="268" y="464"/>
<point x="447" y="464"/>
</points>
</Connector>
<Connector class="oracle.dbtools.crest.swingui.relational.TVFKRelation" oid="39011B12-591D-F6F7-5351-BB92B64F988B" otype="FKIndexAssociation" vid_source="ED02C92F-DA4B-EE78-231D-E4C69703E3AA" vid_target="D33963C8-DF0E-8934-A150-1082058C077C">
<hideElementsInCurrentOnly>false</hideElementsInCurrentOnly>
<backgroundColor>-16777216</backgroundColor>
<lineWidth>1</lineWidth>
<points>
<point x="683" y="279"/>
<point x="799" y="279"/>
</points>
</Connector>
<Connector class="oracle.dbtools.crest.swingui.relational.TVFKRelation" oid="3ADC7B93-AFCB-AA33-325C-077F8F3C78B3" otype="FKIndexAssociation" vid_source="6315639C-940D-2186-ECE3-AB37164F116F" vid_target="1842A92D-C91D-D56C-4BAC-3B791F14FBB1">
<hideElementsInCurrentOnly>false</hideElementsInCurrentOnly>
<backgroundColor>-16777216</backgroundColor>
<lineWidth>1</lineWidth>
<points>
<point x="217" y="951"/>
<point x="217" y="1050"/>
</points>
</Connector>
<Connector class="oracle.dbtools.crest.swingui.relational.TVFKRelation" oid="44301D9C-1500-0C89-F4B8-B2124DF01072" otype="FKIndexAssociation" vid_source="4AA62F4C-EF68-470D-1F04-FC4FC1063BC6" vid_target="1842A92D-C91D-D56C-4BAC-3B791F14FBB1">
<hideElementsInCurrentOnly>false</hideElementsInCurrentOnly>
<backgroundColor>-16777216</backgroundColor>
<lineWidth>1</lineWidth>
<points>
<point x="842" y="1125"/>
<point x="490" y="1125"/>
</points>
</Connector>
<Connector class="oracle.dbtools.crest.swingui.relational.TVFKRelation" oid="4994E0BB-579C-CED8-CFC8-818AC3AACCA6" otype="FKIndexAssociation" vid_source="4023B124-3D0C-878A-6DDF-9DC2A9D2B806" vid_target="E260E696-6551-DCFF-5883-87CE874C793C">
<hideElementsInCurrentOnly>false</hideElementsInCurrentOnly>
<backgroundColor>-16777216</backgroundColor>
<lineWidth>1</lineWidth>
<points>
<point x="183" y="510"/>
<point x="183" y="589"/>
</points>
</Connector>
<Connector class="oracle.dbtools.crest.swingui.relational.TVFKRelation" oid="5D3DF16D-8B12-A4C8-AB69-C4EFA4B89053" otype="FKIndexAssociation" vid_source="45B61E60-81FF-D89D-2D65-724AE3CC21F3" vid_target="D33963C8-DF0E-8934-A150-1082058C077C">
<hideElementsInCurrentOnly>false</hideElementsInCurrentOnly>
<backgroundColor>-16777216</backgroundColor>
<lineWidth>1</lineWidth>
<points>
<point x="811" y="843"/>
<point x="841" y="843"/>
<point x="841" y="337"/>
</points>
</Connector>
<Connector class="oracle.dbtools.crest.swingui.relational.TVFKRelation" oid="7D7ADCBF-9E1A-45CF-B883-65B24FE98AD2" otype="FKIndexAssociation" vid_source="6315639C-940D-2186-ECE3-AB37164F116F" vid_target="45B61E60-81FF-D89D-2D65-724AE3CC21F3">
<hideElementsInCurrentOnly>false</hideElementsInCurrentOnly>
<backgroundColor>-16777216</backgroundColor>
<lineWidth>1</lineWidth>
<points>
<point x="377" y="896"/>
<point x="435" y="896"/>
</points>
</Connector>
<Connector class="oracle.dbtools.crest.swingui.relational.TVFKRelation" oid="7FE966DB-3F3C-B1AA-14CC-2A2F6AE363EB" otype="FKIndexAssociation" vid_source="46E615AC-0B89-A5F3-2C20-791C335D9EB7" vid_target="56992BF1-3A6B-769D-6F79-F847F05E2855">
<hideElementsInCurrentOnly>false</hideElementsInCurrentOnly>
<backgroundColor>-16777216</backgroundColor>
<lineWidth>1</lineWidth>
<points>
<point x="1311" y="458"/>
<point x="1250" y="458"/>
</points>
</Connector>
<Connector class="oracle.dbtools.crest.swingui.relational.TVFKRelation" oid="88ADE5AC-53B1-F30B-7C5A-8ADF6CED6682" otype="FKIndexAssociation" vid_source="56992BF1-3A6B-769D-6F79-F847F05E2855" vid_target="50EECB5B-769D-AEBF-0AAC-EC5EE6218A0F">
<hideElementsInCurrentOnly>false</hideElementsInCurrentOnly>
<backgroundColor>-16777216</backgroundColor>
<lineWidth>1</lineWidth>
<points>
<point x="1134" y="552"/>
<point x="1134" y="637"/>
</points>
</Connector>
<Connector class="oracle.dbtools.crest.swingui.relational.TVFKRelation" oid="9233D55F-9968-0D08-38C3-9DAC8B05C170" otype="FKIndexAssociation" vid_source="E260E696-6551-DCFF-5883-87CE874C793C" vid_target="6315639C-940D-2186-ECE3-AB37164F116F">
<hideElementsInCurrentOnly>false</hideElementsInCurrentOnly>
<backgroundColor>-16777216</backgroundColor>
<lineWidth>1</lineWidth>
<points>
<point x="183" y="751"/>
<point x="183" y="842"/>
</points>
</Connector>
<Connector class="oracle.dbtools.crest.swingui.relational.TVFKRelation" oid="A47E272C-D1EE-FFD9-8C7D-F13CA3C65EF1" otype="FKIndexAssociation" vid_source="B7D21C47-D5EB-2188-07CE-4B264A00F455" vid_target="A48B0142-41D0-C686-248F-B4C4FFA3F58F">
<hideElementsInCurrentOnly>false</hideElementsInCurrentOnly>
<backgroundColor>-16777216</backgroundColor>
<lineWidth>1</lineWidth>
<points>
<point x="453" y="92"/>
<point x="345" y="92"/>
</points>
</Connector>
<Connector class="oracle.dbtools.crest.swingui.relational.TVFKRelation" oid="B54B0186-20D7-0AC2-60F0-D01DEFF0F7A8" otype="FKIndexAssociation" vid_source="3CA6722A-DDE8-CAE4-E392-C7A904B7862B" vid_target="ED02C92F-DA4B-EE78-231D-E4C69703E3AA">
<hideElementsInCurrentOnly>false</hideElementsInCurrentOnly>
<backgroundColor>-16777216</backgroundColor>
<lineWidth>1</lineWidth>
<points>
<point x="296" y="292"/>
<point x="390" y="292"/>
</points>
</Connector>
<Connector class="oracle.dbtools.crest.swingui.relational.TVFKRelation" oid="CD17EEF6-798A-AC91-A498-54C6C3B00FBF" otype="FKIndexAssociation" vid_source="3CA6722A-DDE8-CAE4-E392-C7A904B7862B" vid_target="A48B0142-41D0-C686-248F-B4C4FFA3F58F">
<hideElementsInCurrentOnly>false</hideElementsInCurrentOnly>
<backgroundColor>-16777216</backgroundColor>
<lineWidth>1</lineWidth>
<points>
<point x="192" y="236"/>
<point x="192" y="161"/>
</points>
</Connector>
<Connector class="oracle.dbtools.crest.swingui.relational.TVFKRelation" oid="D96A1C67-4AB3-E9CA-E2D6-0F22C726B2FE" otype="FKIndexAssociation" vid_source="401BDC0E-BE19-CB70-2602-D79936E16D11" vid_target="45B61E60-81FF-D89D-2D65-724AE3CC21F3">
<hideElementsInCurrentOnly>false</hideElementsInCurrentOnly>
<backgroundColor>-16777216</backgroundColor>
<lineWidth>1</lineWidth>
<points>
<point x="1057" y="931"/>
<point x="811" y="931"/>
</points>
</Connector>
<Connector class="oracle.dbtools.crest.swingui.relational.TVFKRelation" oid="E2A55797-B6E2-00A4-D96B-7C74E8054FDE" otype="FKIndexAssociation" vid_source="6D3D5A29-EBEF-CDAA-6B08-303DF0860F44" vid_target="ED02C92F-DA4B-EE78-231D-E4C69703E3AA">
<hideElementsInCurrentOnly>false</hideElementsInCurrentOnly>
<backgroundColor>-16777216</backgroundColor>
<lineWidth>1</lineWidth>
<points>
<point x="552" y="423"/>
<point x="552" y="371"/>
</points>
</Connector>
<Connector class="oracle.dbtools.crest.swingui.relational.TVFKRelation" oid="E8ABCD2E-A294-36AF-C52B-2BA46D60B11B" otype="FKIndexAssociation" vid_source="B7D21C47-D5EB-2188-07CE-4B264A00F455" vid_target="ED02C92F-DA4B-EE78-231D-E4C69703E3AA">
<hideElementsInCurrentOnly>false</hideElementsInCurrentOnly>
<backgroundColor>-16777216</backgroundColor>
<lineWidth>1</lineWidth>
<points>
<point x="568" y="153"/>
<point x="568" y="221"/>
</points>
</Connector>
</connectors>
</Diagram>
