<?xml version = '1.0' encoding = 'UTF-8'?>
<FKIndexAssociation class="oracle.dbtools.crest.model.design.relational.FKIndexAssociation" directorySegmentName="seg_0" id="1AEC84E5-7337-5AD1-1200-EFB28B000BB4" containerWithKeyObject="565781E3-36FF-56E2-73B3-1C0DE03498BF" localFKIndex="1B6AF217-A5EF-6CB1-67A1-49FB145D7683" name="WASTE_TYPE_BIN">
<createdBy>harshath</createdBy>
<createdTime>2023-05-03 03:11:32 UTC</createdTime>
<generatorID>6F77E9EE-4BB3-BA76-D2BE-46F544006D87</generatorID>
<ownerDesignName>cui_logicalmodel</ownerDesignName>
<referredTableLongName>WASTE_TYPE</referredTableLongName>
<deleteRule>NO ACTION</deleteRule>
<referredTableID>B645C653-BF39-7D29-BA5C-C3F8E7ADD676</referredTableID>
<keyObject>810B805E-4D33-1E51-2B01-DF0885D0AAB4</keyObject>
<referredKeyID>810B805E-4D33-1E51-2B01-DF0885D0AAB4</referredKeyID>
<mandatory>true</mandatory>
<refColNames>waste_type_id</refColNames>
<transferable>true</transferable>
<rely>false</rely>
<columnDependencyConstraintGenerateInDDL>true</columnDependencyConstraintGenerateInDDL>
</FKIndexAssociation>
