<?xml version = '1.0' encoding = 'UTF-8'?>
<FKIndexAssociation class="oracle.dbtools.crest.model.design.relational.FKIndexAssociation" directorySegmentName="seg_0" id="1AEF1CD6-6627-AB3D-3CE6-4EFDB29EF110" containerWithKeyObject="A96AF239-77BF-64CA-90A9-B8A7CE50F585" localFKIndex="9ADAEF57-0A47-990E-7FAA-3665BF3EE12B" name="bin_supp_cost">
<createdBy>harshath</createdBy>
<createdTime>2023-05-03 03:11:32 UTC</createdTime>
<generatorID>BEFD0C35-00D9-FA4F-245F-DCF77D67D1FB</generatorID>
<ownerDesignName>cui_logicalmodel</ownerDesignName>
<referredTableLongName>BIN</referredTableLongName>
<deleteRule>NO ACTION</deleteRule>
<referredTableID>565781E3-36FF-56E2-73B3-1C0DE03498BF</referredTableID>
<keyObject>4B37707E-1AC7-6C1F-4E15-7CBC9D133779</keyObject>
<referredKeyID>4B37707E-1AC7-6C1F-4E15-7CBC9D133779</referredKeyID>
<mandatory>true</mandatory>
<refColNames>bin_id</refColNames>
<transferable>true</transferable>
<rely>false</rely>
<columnDependencyConstraintGenerateInDDL>true</columnDependencyConstraintGenerateInDDL>
</FKIndexAssociation>
