<?xml version = '1.0' encoding = 'UTF-8'?>
<FKIndexAssociation class="oracle.dbtools.crest.model.design.relational.FKIndexAssociation" directorySegmentName="seg_0" id="7FE966DB-3F3C-B1AA-14CC-2A2F6AE363EB" containerWithKeyObject="8121789F-A43C-9633-0622-A3C9BA5DE6A9" localFKIndex="38B7EF58-B847-5A0B-10BC-691C4389CFE0" name="waste_type_contract_waste_type">
<createdBy>harshath</createdBy>
<createdTime>2023-05-03 03:11:32 UTC</createdTime>
<generatorID>6E98A7ED-E846-F131-E9FD-94868D4847EE</generatorID>
<ownerDesignName>cui_logicalmodel</ownerDesignName>
<referredTableLongName>WASTE_TYPE</referredTableLongName>
<deleteRule>NO ACTION</deleteRule>
<referredTableID>B645C653-BF39-7D29-BA5C-C3F8E7ADD676</referredTableID>
<keyObject>810B805E-4D33-1E51-2B01-DF0885D0AAB4</keyObject>
<referredKeyID>810B805E-4D33-1E51-2B01-DF0885D0AAB4</referredKeyID>
<mandatory>true</mandatory>
<refColNames>waste_type_id</refColNames>
<transferable>true</transferable>
<rely>false</rely>
<columnDependencyConstraintGenerateInDDL>true</columnDependencyConstraintGenerateInDDL>
</FKIndexAssociation>
